an	angel	beautiful	ever	forgotten	him	his	kid	listened	love	mist	never	singing	still	voice	when
17	age	always	around	at	but	comforting	early	find	forgot	gentle	graduated	great	grew	grow	had	have	his	how	is	jesus	job	just	leave	like	little	love	loving	most	mr	never	no	people	pretensions	reeves	simple	smooth	so	songs	sounds	sweet	they	think	town	up	voice	were	who	with
everyday	him	his	listening	mum	played	reminds	songs	who
appreciate	as	because	child	cry	death	every	fear	funerals	got	heard	jim	many	now	over	reeves	reminded	rip	souls	still	that	time	touches	used	voice	your
70	back	but	changes	dad	didn	do	for	how	jim	listening	loved	reeves	teenager	then	things	time	when
71	also	am	childhood	comes	feeling	have	he	his	jim	listened	love	music	nostalgic	now	puts	reeves	since	tunes	with
18	1966	47	67	able	aisle	an	apc	as	babies	back	both	but	came	cry	dianne	down	driver	for	foreboding	girlfriend	gunner	hawaii	hear	her	high	inducted	into	june	just	knowledge	laid	later	like	loved	make	married	marry	might	months	not	old	our	out	school	senior	still	texas	that	took	up	usmc	walk	we	wedding	when	with	year	years
1964	also	at	back	before	charity	colour	concert	death	dvd	few	he	his	interviewed	jim	june	length	norway	only	picked	rare	shop	up	weeks	years
47	am	are	be	can	contents	follow	for	god	grew	heart	his	its	jim	lord	many	muslim	on	one	only	our	places	praise	praises	reeves	seen	so	some	songs	sure	type	universal	up	well	words
grew	is	jim	lane	listening	memory	reeves	up
1970	but	cry	dance	every	favourites	grandfather	grandparents	had	hear	hearing	jukebox	love	makes	on	one	pub	time	used	with	wonderful
childhood	fine	from	gentleman	jim	on	our	parents	played	player	record	tune	tunes	when
44yr	album	away	can	childhood	drift	from	happy	him	jim	listening	many	memories	now	old	reeves	so
60	back	early	england	fantastic	great	jim	john	listened	lot	memories	reeves	singer	takes	voice	wonderful
1966	always	coming	he	heart	remember	up	when	young
as	back	brings	father	favorite	great	his	jim	kid	listening	lps	memories	played	player	record	reeves	voice	when
1966	born	by	everyone	from	great	loved	missed	number	one	singer	well	years
hear	many	memories	so	when
days	good	old	remembering
brings	children	comfort	listening	lot	loved	music	parents	played	they	too	we	were	when
back	bring	candy	childhood	fond	from	jim	listening	memories	miss	mom	momma	oldies	over	remember	such	these	you
dad	had	him	how	if	known	miss	much	only	reminds	would
away	beautiful	dad	dance	get	goosebumps	has	little	mom	passed	play	reminds	so	time	used	when	with
as	be	beautiful	being	cannot	child	from	furniture	grandparents	great	house	itself	jim	listening	made	piece	played	remember	replicated	small	so	somehow	songs	sound	such	suited	that	these	today	tone	vacuum	valves	voice	well	with	wood
away	be	both	boy	can	dad	each	everytime	favorite	god	hear	her	hums	late	miss	mom	on	played	radio	remember	still	time	too	way	when	with	you	young
59	almost	back	brings	but	country	crash	death	favorite	forever	great	his	jim	live	memories	music	one	plane	reeves	shattered	singers	untimely	what	will	world
always	army	came	childhood	home	jim	join	left	make	miss	mum	now	on	one	our	out	piece	play	played	player	record	reeves	reminds	she	sure	them	they	till	told	when	wore	would
all	amazing	country	get	love	loved	mum	never	one	over	peter	remind	served	still	thinking	we	were	while	will	you
40years	ago	at	back	boy	brings	dad	drinks	ever	few	had	he	house	jim	live	long	memories	only	party	reeves	sing	that	time	we	when	would
all	always	be	but	captured	childhood	died	everyone	favourite	happy	have	hrs	jim	last	memories	much	mum	now	reliving	sadly	shares	she	so	spent	such	thank	who	will	you
10	about	after	away	came	correctly	crash	died	disc	he	if	jockey	just	mr	news	old	out	over	passed	plane	reeves	remember	said	that	when	wire	years
30	47	am	as	australia	away	beautiful	blue	caught	child	dad	from	have	heard	hearing	husband	just	not	on	out	sing	started	straight	sung	western	whilst	words	years
are	asked	beautiful	both	but	father	going	gone	he	her	him	into	law	loved	loving	mary	miss	mother	much	name	people	so	them	they	war	were	world
always	but	days	gentleman	have	is	jim	love	loved	mary	name	remember	those	too	well	young
give	great	had	he	his	kid	listening	loved	more	much	music	so	soon	taken	too	voice	when
ago	awesome	bless	distant	drums	from	god	have	his	inverness	jim	jims	listened	love	many	since	singer	songs	teens	years
always	genesis	punk	reminds	rock
all	back	brings	cafe	great	her	little	memories	mom	played	time
2006	always	away	back	brings	cry	favorite	frequently	good	grandmother	he	hearing	her	him	his	listened	makes	many	memories	music	passed	quite	september	she	since	singer	so	thinking	want	with	you
happy	parents	reminds	times
60s	70s	again	all	back	big	breakfast	bring	could	dad	dean	does	early	every	fix	for	go	gosh	hank	jim	jimmy	jones	late	memories	morning	nearly	on	one	or	pancakes	put	reeves	sausage	some	sunday	us	williams	wish	would
always	cash	granddad	jim	johnny	liked	listening	reeves	reminds	who
again	arranged	beautifully	during	enough	era	great	how	is	kind	know	knowing	labor	live	love	lucky	makes	music	never	produced	real	record	remember	sad	see	smile	that	very	we	well	will	written
back	beautiful	childhood	loved	takes	track	very
all	an	around	at	awesome	back	cheer	down	face	good	grin	had	how	lane	live	long	many	memories	memory	much	music	on	other	so	thank	that	then	time	trip	we	where	wonderful	you
back	classic	days	do	hanging	is	miss	much	on	so	still	sure	there	those	throw
31	always	babe	back	beautiful	been	brings	god	husbands	is	joke	love	memories	months	no	passed	rip	since	sing	use	will	you	yrs
1974	always	at	brilliant	last	remind	school	wen	year
back	fell	gosh	just	love	loved	memories	oh	still	sweet	then	tune	youth
70	94	az	back	classic	fm	for	gold	great	jack	kool	listening	memories	on	phoenix	posting	remember	show	thanks	weekend	wolfman
all	beautiful	day	first	for	great	heard	most	remember	that	thought	time
back	best	brings	lady	memories	north	oahu	on	shore	some	special	sunset	watching	with
42	after	attention	because	broke	choose	competing	for	growing	guy	heart	ladies	on	other	reconnected	remember	she	turned	up	we	years	young
1990	after	again	always	am	are	at	back	bawled	beatles	broke	but	came	checking	did	elvis	eyes	for	gate	get	good	guardhouse	just	like	listening	loved	lump	not	on	out	people	play	radio	sight	still	that	throat	together	we	when	wife	work	young	your	youtube
are	at	elvis	everytime	funeral	grandma	head	her	listen	loved	many	memories	music	played	really	so	there	we
life	love	reminds
everything	great	hear	imagine	life	live	love	lyrics	music	on	reminds	side	when
10	beautiful	been	broke	ever	have	heart	her	later	loving	more	most	regret	relationship	reminds	should	transparent	with	woman	wonderful	years
along	am	amazing	are	blessed	both	but	can	curled	dad	deep	fathers	for	give	glad	had	have	he	how	lap	life	love	loved	mary	miss	most	much	mum	on	receive	remember	sat	shared	showing	singing	so	still	sung	thank	them	they	together	up	very	voice	welsh	while	you
days	great	happy	memories	reminded	usa	which	youthful
baritone	could	everytime	golden	growing	hear	heard	makes	nostalgic	swoon	up
11	adults	all	announcement	around	aunt	came	died	elvis	family	go	had	into	kitchen	old	on	remember	shock	shocked	standing	that	too	tv	watching	with	years
as	child	how	miss	mum	reminds	rip	sing	so	sweet	used	you
all	brings	eyes	his	many	memories	so	songs	tears
45	67	alive	bought	came	favorite	have	is	memories	mom	motown	out	record	sound	still	then	well	yo
19	back	brings	came	good	memories	out	some	that	time	when
black	college	fantastic	first	for	group	guys	heard	his	on	probably	radio	soul	steve	teens	these	they	thought	time	were	when	winwood
60	70	fantastic	for	good	he	rock	that	times	were	years
14	17	am	boot	fantastic	first	heard	mono	no	on	radio	stereo	steve	when	winwood	year
back	brings	for	memories	sure	thats
francisco	great	on	san	that	time	way	what
an	died	her	laura	love	miss	much	name	she	so	wife
16	clearly	dancing	mama	remember	so	with
always	but	dad	everyday	he	hearts	her	is	laura	longer	mum	name	no	our	remains	sing	us	with
80s	depressing	early	ever	had	heard	kid	most	mum	on	remember	tape	thing	thinking	when
always	back	banger	cars	do	great	lorry	meeting	on	our	played	race	racing	times	used	way	we	were	when	with
11	always	away	but	cd	grandad	he	him	learned	listens	lost	love	miss	on	passed	sadly	we	when	will	with	words
1993	back	como	from	italia	laura	memories	thank	turn	you
beautiful	for	lovely	made	remember	thank	us	video	what	work	you
always	as	bring	changed	daughter	dont	even	eyes	growing	hear	her	if	im	is	know	late	later	leoni	life	mum	name	now	obviously	on	one	play	radio	remember	she	sing	stuck	tears	teens	thats	them	toddler	tunes	up	used	when	which	with	would
dad	dads	favourite	he	last	lost	one	reminds	singers	that	year
absolutely	artist	come	favorite	great	his	jim	love	memories	music	reeves	thank	with	you
as	beautiful	dear	distant	drums	first	his	is	jim	maybe	memory	music	reeves	unforgettable	voice
banned	been	bonnie	for	from	is	lies	lol	ocean	over	personally	radio	sad	school	sing	that	think	used	we
1960	big	charts	for	hit	memorable	no	one	teenager	very	wander	weeks
back	brings	good	lol	memories	some
14	20	90s	after	ask	best	bullshit	but	called	contact	courage	during	early	ever	facebook	first	flowing	for	found	friends	girl	got	had	happily	her	is	joking	kids	later	laura	living	long	love	married	messages	met	never	old	on	our	out	part	plucked	separate	time	true	up	ways	we	went	year	years	young
at	blackstone	crossroads	is	laura	lived	now	remember	she	where	wonder
beautiful	child	dad	had	he	him	love	much	oh	reminds	sing	so	such	use	very	voice	when
but	forget	gonna	is	jim	love	memories	music	never	sad	that	they
along	grandad	grandparents	hearing	his	jim	loved	music	nan	reeves	remember	reminds	rip	singing	songs	when	who	young
back	been	different	experienced	had	have	head	lot	on	shoulders	then	things	wish	would	younger
all	back	bring	his	love	memories	songs	yesterday
at	be	caretaker	embarrassing	everyday	find	just	life	men	need	now	old	sang	school	sing	so	sweet	tommy	usually	would
about	ago	all	also	as	at	been	but	check	choice	completely	composure	couldn	favorites	for	funeral	grandad	guess	have	his	hit	home	is	just	kept	lost	makes	mary	melancholy	more	named	nan	now	one	over	peaceful	perfect	played	quite	really	relatively	service	so	soon	started	there	thinking	throughout	too	uplifting	us	utterly	very	which	year
ago	all	can	chronic	constant	danced	dancing	engaged	got	he	husband	jim	like	listen	live	love	mining	much	no	one	over	pain	passed	reeves	reminds	sing	so	we	when	who	with	worked	world	years
age	alive	as	back	brought	father	feelings	his	is	kid	listening	living	lot	man	mum	now	old	parents	played	prime	she	teen	when	with	younger
73	alive	back	be	good	lord	take	time	what
20	21	3rd	about	acknowledge	after	again	ago	also	an	anita	anna	at	back	be	before	damn	depending	few	gf	grocery	hadn	her	hooked	house	into	knows	last	like	live	macias	might	moment	more	mother	mothers	name	now	oct	old	on	or	ran	reconnected	remember	see	store	that	then	think	tv	up	watched	we	what	when	whether	who	with	year	years
73	around	elvis	had	king	late	let	mother	old	stay	talk	true	up	watch	years
after	all	believe	but	day	hard	he	less	passed	re	than	we	years
all	always	am	an	bedroom	can	days	deep	elvis	etc	ever	forget	good	he	here	him	his	how	looks	oldie	on	posters	remember	singers	surpass	these	tuning	videos	voice	wall	when	wonderful	you	younger
58	all	at	before	booth	bought	changed	chemist	have	listening	local	oh	our	remember	times
at	back	brings	happy	heard	memories	only	schoolboy	when
1965	2018	25	53	60	78	all	back	band	called	days	decca	for	fun	gets	golden	good	got	great	had	has	heard	hello	included	june	just	knows	list	lost	made	might	miming	music	net	old	on	our	play	played	presidents	radio	recording	reflection	released	rock	romance	singing	so	takes	that	together	trend	video	we	when	who	years
great	time	wasn
6pm	at	back	become	big	called	channels	dances	did	even	from	going	great	group	he	hear	him	home	hurry	just	kings	life	local	never	on	one	our	played	remember	school	sing	some	star	such	teen	teenage	then	they	think	those	times	tv	used	we	went	were	what	where	with	would
31	again	ago	back	brings	dad	died	do	ever	get	good	greatest	her	listening	ll	lovely	memories	mum	rip	start	today	voice	years	your
angel	blue	christmas	every	favorite	gram	happy	lps	on	orbison	our	play	roy	stereo	times	used	we
16	about	aunt	back	brings	cousin	cute	dum	everywhere	favorite	go	haha	he	his	is	little	lonely	lot	memories	only	orbison	play	roy	singing	so	used	when	yeh
concert	for	got	have	he	him	mom	old	pictures	some	took	visited	when	ya
an	awesome	bro	brother	cat	died	few	greatest	have	hear	is	memory	music	roy	stevens	thats	think	those	though	tie	whenever	who	with
always	bless	dad	god	him	reminds
50	60	all	are	best	days	if	live	memories	most	not	now	one	songs	these	times	with
beautiful	nostalgia	so
fantastic	grandparents	listening	memories
girl	listened	little	lot	loved	thanks	when
after	album	boyfriend	first	loosing	out	such	voice	wore
ago	an	asked	be	because	couldn	decades	developed	did	different	done	from	had	have	he	him	if	impossible	interview	is	learned	like	never	nobody	person	probably	remember	roy	said	sang	someone	something	style	tell	that	told	why	with	would	young
1988	able	after	all	appreciation	away	been	but	came	could	drop	enough	every	father	few	front	growing	has	have	he	hear	heard	him	his	lucky	mum	music	not	november	passed	pin	play	roy	said	sang	seats	see	she	since	such	thank	time	times	uk	unfortunatley	up	weeks	went	when	you
able	again	back	be	done	fantastic	great	hear	is	like	live	lot	many	past	quality	revisit	singers	songs	superb	thanks	these	through	took	treasure	video	well	what	years	youtube
able	also	anyone	artist	be	by	can	charts	country	crossed	grows	happened	how	impeccable	love	music	never	not	old	over	perfection	pop	pure	record	remember	shot	sung	technically	unforgettable	up	well	when	which	who
ago	back	country	love	many	music	oldies	takes	these	years
days	grannys	love	music	old	party	reminds
40	50	60	about	anything	as	but	from	great	kid	lou	loved	nc	never	raleigh	thought	top	what
45s	all	always	as	at	be	bursting	country	day	don	favorite	gave	girl	happy	have	heart	hello	home	honey	house	just	little	love	music	on	one	over	playing	remember	said	she	so	songs	take	them	time	until	walls	why	will	you
can	country	first	girl	hearing	little	remember	when
days	end	good	never	old	they	thought	we	yes
1985	86	country	doing	during	favorite	great	help	kid	love	one	please	sing	soulful	sweet	when
ago	holiday	lovely	on	parents	reminds	times	when	with	years
apply	back	brings	for	lots	memories	navy	still	today	when	words
as	child	remember	thank	you
but	grew	hall	like	loved	on	party	rock	roll	songs	still	teenager	then	town	up	with
1950s	1960s	during	growing	listening	music	ole	opry	remember	up
60	70	at	entertainment	forward	late	least	lip	live	look	not	on	our	singing	started	that	these	weekends	were
remembering	we	were	when	young
all	at	girlfriends	great	jukebox	just	on	radio	remember	thank	that	time	wow	you
from	love	remember	very	when	young
back	brings	great	memories	such
away	back	days	from	oh	ya	yes	young
good	mama	memories	over	sing	used
1979	an	asked	bar	barbados	barmaid	bought	by	coffee	day	dec	disc	europe	first	for	hank	have	he	heard	here	his	is	label	lp	middle	name	next	on	paper	pickwick	postings	rare	remember	singin	store	thanks	time	unknown	very	when	who	with	wrote
ago	brought	country	is	kind	long	music	that	time	very
beautiful	ever	great	hank	have	him	locklin	loved	memories	since	thank	you
an	as	chair	clack	clipy	daddy	go	he	love	old	rocking	sing	sleep	that	use	would
days	first	for	getting	hear	heard	just	much	so	songs	thank	that	time	unbelievable	yokel	you	younger
being	country	fed	figure	force	go	kid	love	music	now	old	remember	when
back	few	takes	years
dad	mom	omg	reminds
as	days	eyes	gives	gold	grew	is	love	old	recall	tears	those	we	with
57	am	an	be	but	child	country	hood	into	music	not	on	really	remind	weeks	will	years	yes
admit	back	brings	come	eyes	know	love	makes	memories	now	on	that	water	you	your
again	all	are	calling	child	country	find	for	grandparents	hate	hillbilly	like	love	music	myself	no	now	or	other	parents	played	reason	rock	singing	than	they	time	whatever	when	wish
artists	black	do	for	great	miss	much	night	on	our	saturday	sharing	sure	thank	these	tv	very	white	you
are	around	dad	delivered	heads	is	lovely	message	minutes	music	only	our	play	records	remember	singer	songs	still	these	thumbs	unbelievable	up	used	voice	well
am	as	beautiful	bed	child	dad	dancing	even	feel	for	from	him	his	imagine	miss	place	sick	sing	some	still	with	would	you
back	brings	dad	dancing	don	great	like	lt	many	memories	mom	music	play	remember	sad	stories	such	they	today
55	am	at	dancing	for	has	love	mother	now	only	parents	passed	posting	remember	thank	watching	wedding	you
childhood	days	reminiscing
10	30th	70	ago	august	away	for	great	learned	memories	memory	mom	on	passed	roller	skate	thank	years	you
childhood	from	lovely	memories	such
at	dad	days	everyday	family	good	happiness	love	memories	music	teen	when
62	ago	always	dad	for	him	married	miss	much	mum	passed	reminds	very	years
back	dad	day	drinks	family	few	friends	get	great	have	loved	mum	reminds	songs	these	times	togethers	who	would
dance	definitely	reminds	school
40yrs	about	ago	always	at	beautiful	by	club	engelbert	last	listening	night	remind	so	waltz	when
always	back	brings	childhood	good	grandma	grandpa	have	kind	love	makes	memories	miss	ol	songs	these
dad	happy	his	loved	memories	mum	music	on	playing	radiogram	records	when
back	bad	beautiful	brings	but	good	lot	love	memories	some	still
but	childhood	dance	end	forever	great	last	lingers	listen	mind	must	nice	on	should	still	until	waltz
as	at	grandparents	how	listen	lyrics	much	old	play	reminds	seven	strange	they	understand	used	years	you
are	dancing	do	grandparents	hope	memories	still	sweet	they	wherever
as	at	charge	church	got	liked	much	out	person	play	played	remember	so	we	wedding	went
70	around	at	aunts	dance	end	floor	late	man	mid	old	older	receptions	reminds	twirling	uncles	wedding
back	bring	childhood	engelbert	humperdinck	love	memories	songs	thank	you
1968	as	at	back	beautiful	dance	griffiths	has	instructions	memories	mrs	on	our	played	primary	school	shouting	student	taking	teacher	us	waltz	we	when	with	would
already	always	because	best	but	can	dad	dance	danced	daughter	during	even	first	gone	hand	hands	happened	he	heart	high	him	his	hold	how	hug	junior	last	lend	love	memories	miss	much	night	our	papa	played	prom	remained	remember	saying	school	senior	so	that	thing	tight	when	with	you
70	boyfriend	good	memories	sentimental	theme	very	with	yahooo
1960s	always	bus	days	fairground	girl	go	happiest	happy	her	innocence	largs	life	little	loved	mum	on	pal	playing	remind	such	trip	used	waltzers	we	went	when	will	with
60	beautiful	great	late	memories
ex	girlfriend	reminds
days	good	love	old	remembering
always	back	bedroom	below	from	kitchen	life	mother	playing	radio	sun	sunset	sweet	takes	that	then	up
day	friend	old	remember	with
1970	british	club	days	happy	legion	loved	people	reminds	tranent
60th	anniversary	at	beautiful	danced	diamond	forever	last	memories	parents	such	that	their	wedding	weekend	will
1969	danced	exact	good	memories	record
ago	dad	died	he	hear	him	miss	much	play	reminds	so	used	very	when	years	you
beautiful	nostalgic
2016	always	back	beautiful	before	brings	daughter	died	happy	her	mant	memories	miss	our	so	wonderful
back	brings	ever	marvelous	memories	so	tastefully	we	were	what	young
all	amazing	era	fell	for	grow	just	listening	love	lucky	memory	music	so	thanks	these	up	where	wonderful	you
anymore	blast	don	for	from	house	is	just	like	little	make	our	past	playing	remember	them	they	very	when
15	20	am	far	favorite	is	now	old	so	until	when	years
11	15	1927	2009	april	dancing	feb	jensen	june	living	mom	our	remembering	room
2019	always	anyone	dad	remembered	sing	that
all	also	as	blasting	child	elvis	frank	full	grandma	grew	house	jones	love	mother	music	our	passion	presley	sinatra	time	tom	up	with
about	ago	another	as	because	dad	find	girlfriend	guy	him	his	is	kid	left	long	one	sad	then	time	who
funny	girl	kid	old	only	remember	she	singing	thought	when	young	yrs
everytime	granddad	his	love	phenomenal	reminds	voice
every	has	mother	played	remember	sunday	what	wonderful
1977	always	kid	like	really	reminding	when
always	anytime	be	because	careful	daddy	favorite	hear	if	is	miss	music	remember	you
1968	engelbert	glad	grew	high	loved	music	real	released	school	so	that	up	when	with
coming	daddy	father	hang	he	home	loves	much	next	omg	on	philippines	reminds	so	there	year
20	am	but	child	from	grandfather	grandpa	heard	heaven	him	is	now	reminds	when
feel	great	had	listened	love	make	missed	never	people	place	rewind	something	tried	where	who	wish	you
2019	all	are	but	flashback	gone	july	memories	only	remains	uncles
always	bottom	cause	creator	every	everything	father	for	from	granddaughter	happy	heart	here	him	know	law	miss	music	now	our	papa	re	remember	right	so	thanks	time	we	will	with	you
each	every	many	memories	so
album	childhood	engelbert	humperdinck	is	list	play
after	are	back	brings	but	can	closing	days	eyes	forever	have	help	just	lost	memories	nothing	play	relive	remove	songs	them	these	those	us	we	while	yesterday	your
2018	childhood	like	miss	pops	someone
as	beautiful	for	if	memories	one	own	self	stirs	written
am	as	back	better	can	day	did	fantastic	go	heart	is	make	now	on	or	person	place	radio	relive	so	sounds	special	then	time	way	when	your
back	be	bring	lonely	memories	partner	please	sin	so	someone	sweet	voice	with
1975	back	love	memories	take	what
again	amazing	back	blast	buried	come	deep	for	from	growing	haven	heard	like	memories	mid	mind	past	power	real	seventies	something	suddenly	surface	takes	time	transport	up	when	wow	years	you	your
amazing	back	but	child	damn	every	everything	feel	felt	for	gave	good	happy	have	how	is	its	like	makes	memories	ok	out	parents	remember	reminding	secure	sharing	should	such	thanks	that	then	what	when	world	wow	yet	young
childhood	right	thats	there
about	age	be	down	fantastic	how	lane	memory	never	omg	replaced	take	talk	trip
almost	am	childhood	for	happy	lovely	memories	posting	such	teary	thanks	vivid
70	back	band	by	catchy	favorite	great	magic	right	takes	think	though	track	tune
ago	brothers	childhood	for	good	long	memories	remember	sisters	thanks	time	uploading	with
back	classic	days	don	from	just	like	make	nowadays	pilot	songs	takes	thanks	younger
again	back	be	by	dream	few	for	gone	great	happier	look	miss	moments	there	these	times
back	bringing	by	can	comparison	day	feel	for	fore	kids	knew	looks	mattered	modern	more	music	musical	never	nostalgic	offerings	pale	real	realize	so	than	thank	that	themselves	they	time	today	when	you	youtube
again	all	closing	days	evokes	for	front	future	is	just	life	memories	now	old	on	spend	those	time	twenty	wishing	with	wonderful	years
50s	again	but	mid	suddenly	teenager
25	afterwards	as	at	attendance	attractive	away	called	dairy	disco	doing	drive	driver	drivers	enjoyed	equipment	especially	for	fork	great	had	has	help	him	his	how	john	ladies	lift	london	lot	lovely	memories	mobile	old	one	other	pack	parties	ran	set	sloop	stay	take	these	truck	turn	up	used	various	very	we	west	will	with	worked	years	young
ever	first	for	many	memories	record	thanks
70s	as	child	drop	emotional	makes	middle	pilot	simpler	songs	time
back	could	days	go	those	wish
am	back	brought	glad	memories	pleasure	southam	thanks
back	birthday	brings	buying	first	for	many	memories	record	remember	sister	so
49	ago	all	am	as	did	for	from	love	now	remember	still	thanks	then	those	uploading	very	years	young
beautiful	brings	childhood	is	memories	part	pilot	songs	thanks	these
childhood	love	reminds	tune
always	aunt	ever	great	hear	her	remind	when
amazing	anthony	beautiful	clich	concerned	full	is	memories	no	time	walsh	where
12	also	an	any	back	but	by	can	caught	days	different	don	early	even	eye	get	girl	had	incurable	issue	know	later	look	loved	months	more	motown	on	platform	play	realize	reminds	rock	romantic	then	think	though	undergraduate	vividly	when	who	why	woman	young
14	21	30	ago	another	anyone	cheated	dad	dated	else	ever	has	he	his	if	is	let	love	man	married	marry	mary	mother	name	naver	not	old	on	or	passed	she	thornwell	wait	years	you
20s	62	am	at	but	captivating	could	dad	do	from	god	he	her	hi	his	holgmany	house	just	karaoke	like	mid	mum	new	on	parties	remember	rest	sang	so	soul	used	when	wish	years
1997	59	aged	an	around	as	australia	belfast	both	child	died	drinking	from	incurable	just	left	missed	mother	murray	romantic	ruby	sadly	same	she	sing	smoking	soon	sydney	time	too	used	victim	when	world
ago	all	bless	brother	heartthrob	innocent	life	more	much	older	ruby	she	simpler	so	those	when	years	you
20	another	are	awake	barrack	bond	favorite	fellows	from	have	heard	him	his	listen	nights	on	one	out	played	room	said	should	stay	sunday	ted	that	there	they	tooting	top	used	version	we	when	you
60yrs	ago	an	dad	days	fast	go	gram	great	his	magical	masters	moments	mum	old	on	putting	radio	remember	so	time	voice
13	but	died	favorite	mums	when
76	aussie	back	brings	fan	from	great	keen	mad	memories	old	some	sure	wow	years
her	like	listen	looked	loved	mom	sing	sounded	when	young
1950	58	8th	along	back	basco	been	beginning	brother	but	fellow	for	from	ginnie	ginny	going	grade	graduated	happy	has	havu	his	is	knew	like	maddox	much	name	nickname	now	older	on	once	other	sang	skip	skipper	some	spelt	still	students	teenage	their	then	together	very	virginia	walter	when	with	years	young
be	beautiful	brewer	but	cleaning	don	growing	hearing	her	house	just	like	mom	really	remember	she	sing	sounded	teresa	up	use	voice	when	with	would
father	love	page	patti	reminds
72	bought	days	first	good	im	now	off	old	out	reach	record	remember	still	those	where
75	how	last	like	made	many	now	playing	songs	still	them	these	todays	will	youth
after	am	big	brewer	fan	father	for	great	he	her	kinda	lady	loved	much	named	partial	sharing	so	songs	teresa	thanks	voice
after	amazing	are	at	billy	but	can	darling	do	for	great	hear	heaven	jillian	least	log	most	on	place	playing	singer	so	still	thank	us	voice	week	were	whole	wide	wish	with	wonderful	world	you	your	youtube
billy	eckstine	feel	for	full	hearing	melancholy	memories	nostalgic	sing	so	voice	warm	what
after	billy	cardiff	concert	eckstine	love	met	see	sixty	still	together	uk	wales	went	wife	years
are	for	gem	made	memories	posting	share	superb	thank	you
back	takes	teen	years
1950s	alive	be	beach	best	bet	billy	boy	early	eckstein	golden	great	had	he	him	if	island	lido	live	long	now	on	only	parents	room	see	sounded	sounds	standing	still	then	took	tour	very	voice	were	when	with	young
50s	at	back	bye	club	days	good	impersonate	kyrill	morgan	mr	old	trinant	use
50s	back	family	lovely	nostalgic	sing	singer	some	songs	takes	these	used	very
along	boone	came	can	clearly	danial	door	ed	first	from	green	hear	hilarious	now	oddly	on	radio	remember	voice	when
1962	ames	boone	born	character	connect	dad	daniel	didn	ed	later	mingo	much	niece	on	playing	quite	remember	series	she	sing	until	well	when	would
1989	around	born	but	dance	daughter	don	first	for	her	hold	house	how	know	memory	months	on	precious	sing	stumbled	sweet	used	when	wonderful
almost	ames	carson	ed	hilarious	his	johnny	lost	manhood	on	remember	show	when
2002	always	being	for	generations	grandparents	head	loved	passed	play	since	stuck	through	would
61	as	beautiful	born	child	clever	grandfather	lyrics	sang	voices
actually	baby	chorus	dad	daughter	ever	first	for	haha	heard	is	just	sharing	she	sing	step	thank	time	used	ve	video	when	whole	you
55	born	first	literally	memory	one	songs
2015	back	beautiful	been	brain	comes	days	down	embedded	fifty	filtered	flooding	granddaughter	had	has	have	into	is	later	little	nine	now	old	only	or	parts	since	so	subconscious	three	ve	wonderful	years	yes
26	above	adore	baby	back	beloved	brings	daddy	father	for	from	he	heaven	high	is	kisses	listen	listens	not	our	remember	still	thousand	times	used	when	who	with	years
beautiful	happier	reminder	sincere	times
50	60	again	at	computer	did	ever	experience	from	great	have	no	one	play	sit	then	time	today	we	well	what
as	back	could	covey	did	emotion	female	fifties	lyrics	singers	sixties	such	sweet	they	today	voice	wish
1952	as	beautiful	born	entirety	for	hear	its	lullaby	mum	sang	so	wonderful
dad	day	every	just	miss	much	mum	reminds	so	who
17	another	army	at	be	bitter	but	exact	first	for	home	join	just	left	memory	morning	old	on	out	playing	radio	really	record	story	sweet	that	time	turned	years
always	away	boy	came	children	ever	for	fortunately	going	goodbye	had	haven	he	heard	jimmy	kid	later	married	named	never	older	out	passed	raised	sang	say	sharing	since	sister	started	steady	thanks	they	two	until	were	when	with
23	age	back	brother	crying	died	hearts	him	his	jimmy	name	never	stopped	want	we
always	an	as	been	billy	boy	brother	far	felt	for	got	had	happier	he	heard	his	jimmy	little	long	lullaby	mother	much	nickname	nicknamed	nonetheless	one	sad	sang	sharing	since	so	such	thanks	that	too	tyke	upbeat	when	while
all	beautiful	been	brought	danced	eyes	for	girls	god	have	hurts	listening	many	million	miss	not	tears	terribly	thanks	that	them	thinking	tune	uploading	with	years
94	after	ago	bless	by	can	dry	fifty	for	going	hand	have	heard	her	look	mangle	mum	not	old	putting	see	seven	she	since	still	strong	there	through	us	washing	year	years
because	child	cry	funny	made	played	she	sister	thought	when
cry	girl	just	little	older	play	see	sister	used	when
again	but	could	friend	good	had	her	july	left	miss	over	see	she	still	wish	years
10	again	as	badly	been	but	could	died	even	get	gone	have	he	him	jimmy	life	may	miss	on	over	see	still	though	try	well	wish	with	years
13	again	appeared	been	enjoy	for	had	lovely	much	posting	so	thank	very	wanting	when	you
days	lovely	reminds	usa	with
beautiful	miss	on	remember	shows	that	tv	voice	watch
1950s	dickie	from	good	is	lovely	memories	remembered	singer	still	valentine
50s	again	for	good	great	listening	nostalgia	singer	times
all	an	are	as	asset	consider	corn	crooner	dickie	earned	entertainer	favorite	good	great	guy	like	lovely	make	microphones	missed	music	near	no	period	rip	sadly	silk	singer	that	their	they	today	voice	were	what	when	where	words	writers	writing	you
6rtr	germany	happy	memories	munster
absolutely	be	beautiful	ernie	feel	ford	forgotten	hear	lovely	makes	never	past	should	that	voice	whenever
brilliant	brings	memories
beautiful	crazy	great	like	mother	play	post	reminds	she	such	thanks	used
1954	55	afn	army	every	germany	great	hdqrs	hit	luxembourg	most	night	on	played	radio	seventh	stuttgart	uk	us	while	with
back	brings	happy	memories	when	younger
always	as	believe	can	crying	dad	for	gone	he	is	life	long	loved	man	mom	oh	on	posting	sang	singing	thanks	write
always	am	back	broken	but	copy	favorite	fifties	found	got	have	here	mine	on	pleased	put	so	thanks	way	who	youtube
age	days	high	reminds	school	wonderful
dad	every	miss	morning	parents	played	saturday	you
beautiful	every	hear	kind	listen	miss	mom	morning	much	she	so	sunday	used	when
16	1963	great	old	youth	yrs
all	are	back	bring	could	don	know	missing	must	people	sing	these	they	we	what	wish
clasmate	danilo	first	from	heard	old	when	years
10	50	60	back	brenda	dear	early	emotions	hearing	her	late	like	old	records	such	thank	time	turn	voice	with	wonderful	year	you
1963	boat	by	bye	decades	first	for	have	heard	holds	missed	numerous	still	strong	time	way
back	could	days	during	how	listen	lovely	many	meaningful	old	performing	see	so	songs	them	time	turn	we	wish
beautiful	end	nostalgia	world
12	1963	brenda	lee	old	pretty	remember	such	very	voice	well	with	years
back	beautifully	bring	classical	hauntingly	songs	these	what
back	beautiful	every	hearing	melody	sends	so	time	tune	you
10	11	booming	but	by	first	foley	for	gal	her	introduction	not	old	on	or	red	remember	she	such	sure	that	tv	voice	what	year	years	young
flies	how	oh	only	time	wow
anything	back	backwards	be	being	by	childhood	currently	enriched	era	exchange	fact	for	forwards	garbage	goes	going	issues	kids	lives	matter	music	no	not	played	previous	teen	terrific	their	tune	wise	with	would
1963	back	high	sad	school	senior
13	1963	explosion	happening	music
brenda	davis	didn	exposed	grew	had	know	listening	skeeter	soul	until	up	version
brenda	childhood	crush	first	is	lee	lol	older	she	than	two	years
10	again	back	big	bless	chart	found	god	her	later	old	only	out	played	sad	sister	sisters	some	still	take	time	when	why	years
artist	brilliant	everlasting	from	great	greetings	ireland	music	youth
again	davis	do	first	hard	heard	remember	skeerter	time
2006	broke	down	from	left	on	played	radio	she	sixties	when
being	day	ends	every	for	guess	human	knowing	listen	literally	little	lots	meant	nostalgia	not	reasons	someone	suppose	that	toddler	used	what	when	world
away	beautiful	because	cancer	early	from	growing	have	her	lord	loved	miss	much	passed	reminds	sister	so	took	up	we	were	when	young
beautiful	great	is	many	memories	much	so	thank	video	with	you
back	bring	for	like	listening	memories	miss	music	on	radio	thankful	wonderful	youtube
50	after	ago	apart	back	clock	could	drifted	gail	if	listening	love	miss	much	only	so	still	turn	we	years	you
all	film	grow	hit	knowing	make	never	on	passed	sad	so	stars	that	them	they	those	up	with
2019	70	am	asking	been	better	bringing	childhood	have	is	listening	lived	memories	now	on	radio	really	seirus	station	still	we	what	which	why	world
2019	60s	70s	back	childhood	listening	november	really	remembering	songs	take	these
another	but	don	dreams	has	kind	know	magical	mesmerizes	nostalgias	some	soul	spell	takes	that	word
are	fav	for	her	just	late	lonely	love	memories	reminds	she	sister	songs	these	us	used
dad	remember	singing
16	1963	cry	for	makes	youth
adore	nostalgic
1963	63	accident	also	an	avery	bad	basketball	big	brenda	champs	dear	devistating	died	ever	every	for	friend	girl	good	got	graduation	grandfather	great	high	junior	kennedy	lost	never	night	part	president	school	second	senior	she	shoot	since	singer	small	songs	state	that	very	we	well	where	year
absorbed	been	but	every	have	just	knew	may	sang	sleep	understood	word
am	enough	liked	meaning	music	now	old	thank	that	understand	when	you	young
across	always	back	be	best	but	cement	child	great	hardened	has	heard	just	long	really	since	so	stumbled	takes	ve	version	wet	when	will	with	world
1963	50	back	barber	came	can	cents	dad	during	for	go	haircut	home	like	lunch	morning	no	on	paid	plus	saturday	shop	sitting	snowy	sounds	there	tip	waiting	we	went	winter
dedicated	first	heard	is	love	music	tara	when	you	young
lovely	nostalgia	pictures	sad	sweet
60	back	come	early	omg	please
11	2014	back	car	grandfather	he	heaven	him	music	now	our	play	reminds	still	way	when	would
56	during	memories	much	so	with	years
always	brother	elder	fantastic	listen	old	play	popular	then	when	years
angst	challenges	child	days	good	life	old	play	real	teenage
1992	2015	55	71	age	dad	day	died	every	loved	miss	mum	old	parents	they	witch	years
13	old	remember	when	years
always	as	back	cruise	dad	dances	did	everything	for	from	generation	goes	head	hear	living	love	mom	moms	now	on	passed	reminds	then	they	were
after	away	first	for	grade	hope	kind	life	love	maggie	man	moved	oh	shortly	th	you
34	are	back	best	brings	but	came	car	good	had	hear	im	like	love	memories	old	oldies	only	others	songs	station	that	these	would	years
back	bring	time
60s	70s	80s	are	bodies	bouncers	childhood	dances	didn	don	drugs	each	favourite	from	girl	gone	great	have	hear	high	is	just	know	long	love	missing	money	music	mutilate	night	no	or	other	our	ourselves	park	parties	piercings	police	refreshing	respected	rock	school	so	songs	spend	summer	tattoos	tenderness	there	they	today	we	were	with	wonderful	your	youth
all	anybody	back	came	days	did	feel	got	never	ooh	pain	reminded	same	school	sweet	those	who
away	best	both	boyfriend	first	friend	from	him	kept	on	over	playing	reminds	shame	stole	them
beautiful	childhood	from	woman
boarding	by	came	children	choice	comes	day	don	due	felt	from	have	hear	heard	hoping	just	like	looking	mind	money	mother	never	nor	not	now	old	or	out	school	sharing	she	still	that	thirteen	visit	when	windows	years
back	bring	but	can	days	go	good	never	old	sure	you
back	being	brings	by	dumped	emotions	first	full	girlfriend	is	loss
40	childhood	first	from	hit	remember	top	very
evokes	happy	many	memories	thanks
memories	miss	old	those	yes
13	1960	age	ageless	already	appreciate	artists	at	beautiful	connie	francis	great	knew	love	many	others	parents	sing	songs	taught	us	used	we
ago	as	boy	high	long	remember	school	what	young
an	as	beautiful	changed	during	every	for	glad	gorgeous	had	handsome	history	human	humanity	is	knew	men	most	movies	music	must	people	pity	say	so	there	time	we	well	were	when	wise	with	women	word	worse	youngster
away	best	heart	is	lonely	love	medicine	oldies	ones	parents	passed	remember	who
for	marvelous	moments	much	nice	remember	so	thank	these	you
back	brings	happened	memory	music	voice	what	wow
better	bless	brenda	child	days	god	great	happy	lee	life	make	marvelous	may	memories	now	singer	thanks	those	when	you
again	all	are	best	favorite	feel	for	love	makes	million	old	songs	thanks	them	those	today	young
beautiful	heart	nostalgic	sounds	voice
all	before	believe	came	can	forgive	have	heard	instantly	loved	missed	never	on	radio	these	today	years
missed	when	young
ate	back	brings	memories	miss
ago	always	boy	come	father	find	he	here	just	little	memories	not	now	really	some	when	with	years
2018	beautiful	even	for	marvelous	moments	remember	thanks	these	what
2018	again	dear	for	good	great	like	listen	passed	remembering	sironaca	thanks	time	we
about	forgot	memory	now	that
cared	listen	only	she	singer	teenager	that
back	bringing	days	happy	memories	they	were	wonderful
67	all	always	am	but	heard	love	loved	mean	much	older	so	still	they	when	years	young
17	1962	56	ago	all	along	friends	from	going	here	korea	lyrics	memorize	now	old	over	popular	sing	singing	songs	speakers	through	town	when	with	years
12	1963	after	alabama	allowance	anything	at	brenda	buy	case	cent	couldn	earnings	earplug	else	every	everyday	fair	got	greater	gulf	her	japanese	just	lee	little	love	meet	minute	mobile	night	old	on	one	performance	performed	played	radio	records	single	sleep	so	songs	state	stayed	that	think	transistor	went	with	years
1963	dates	days	doze	early	for	get	had	have	hope	listening	lovely	off	on	out	really	right	school	snow	snowy	south	upper	us	used	very	when	winter
back	bring	catchy	music	nice	simpler	them	times	tune
awesome	back	brings	memories
14	15	around	at	contest	danced	dancers	days	early	for	love	most	old	part	party	philippines	really	reminds	romantic	sister	that	think	time	years
but	by	childhood	memories	passed	same	stays	years
always	are	everyone	love	made	memories	these
70	benson	childhood	for	from	great	reason	reminds	some	tune
back	brought	days	great	sears	some	thanks	wow
how	miss	oh	simple	them	times
about	backlash	could	days	from	good	like	not	old	peers	social	when	worry	you	your
age	at	because	dad	didn	english	even	first	know	learned	like	oh	old	play	remember	that	though	used	when	years
70	does	during	early	flood	germany	memories	mind	stationed	usaf	with	wow
brought	child	commercial	memories	remember	sweet	tv	when
an	ex	love	reminds	rides	sunday	with
back	brings	childhood	from	great	is	memories
again	although	at	cupcakes	day	didn	film	has	hear	hot	like	long	love	mellowed	nostalgia	other	really	reminds	saw	soundtrack	summers	teenager	that	time	used	wanted	when
another	classic	memories
40	ago	back	brought	is	like	memories	over	really	remember	sears	some	well	which	words	years	yesterday
by	days	evokes	for	gone	makes	memories	old	timeless	yearn	you
all	are	as	back	be	can	come	day	distant	for	gone	have	hearing	her	hope	however	is	karen	lives	long	lost	loved	memories	miss	music	never	new	now	on	ones	our	past	remember	she	some	that	then	there	they	think	through	totally	us	we	while	will	years
ago	another	at	can	chinese	day	deeply	english	first	forget	heard	is	listening	memory	music	nearly	never	one	remember	say	small	songs	still	teenager	that	time	town	twenty	two	years	you
1970	70	am	an	backyard	being	childhood	great	have	kind	memories	miss	mom	music	on	outside	own	patio	playing	radio	sitting	softly	stations	sun	wonder	years	young
back	band	good	great	like	now	someone	sound	then	there	times	what	wish
70s	as	at	awesome	being	cant	for	go	great	him	kid	knock	loved	time	times	we
every	father	heard	memories	morning	mother	sung	those	up	when	while	woke	young
albums	back	brings	friends	listening	precious	teen	with	years
about	great	kid	little	makes	remember	still	times	when
brings	oldies	past	tears	times
great	group	holds	loved	memories	music	still	that	up	wonderful
all	aunts	dance	house	livingroom	miss	on	play	really	record	stereo	that	we	would
16	but	came	good	incredible	memories	out	when	wow
1976	but	certainly	dances	did	find	for	hard	heart	is	just	love	makes	many	memorable	most	one	out	records	smile	so	stand	that	tracks	year
back	lady	reminds	special	takes	way
70	back	brings	definitely	great	memories
1977	9th	fell	first	from	grade	graduation	high	john	jr	love	loved	now	real	school	summer	then	wannamaker	with	year
19	as	australia	brings	by	camping	cassette	deck	fishing	get	gets	life	lonely	love	memories	music	north	nostalgia	old	older	on	or	out	passes	past	playing	quickly	remote	so	sometimes	though	through	twin	western	year	you
76	back	be	conversation	dance	days	drink	fantastic	has	hold	intro	loved	miss	mobile	not	people	phone	really	right	seen	summer	takes	those	what	when	with
college	dream	from	got	graduated	great	had	ibm	job	just	memories	what	with
is	marvellous	memories	miracles	music
chester	childhood	heart	love	pa	reminds	sweet
70s	as	back	box	bring	cd	damn	danced	day	every	good	have	kid	like	listened	not	room	songs	times	used	world	worry
days	get	hearing	homesick	miss	oldies	those	when
40	an	angel	as	brings	comparing	girl	good	had	idea	like	listened	long	loved	many	memories	merry	much	nice	not	one	perhaps	really	so	songs	those	time	times	very	with	year	years	yester
14	45	at	beautiful	did	disc	don	every	for	get	got	home	how	many	old	penny	played	player	record	remember	rpm	save	times	when	years
back	good	many	years
beautiful	listening	many	memories	so
dad	driving	first	good	grade	man	memories	music	now	old	on	playing	remember	riding	school	son	way	with
28	am	back	beach	being	brings	but	by	car	day	fell	felt	for	good	grandma	heard	just	listening	love	memory	old	or	remember	she	summer	sunny	that	thats	we	were	with	years
12	1976	70	aged	at	belts	best	but	disco	ever	funfair	holiday	love	minehead	nearly	no	off	one	records	reminds	spinning	summer	thrown	waltzer	when
artists	back	brings	great	group	many	memories	so
18	1976	back	be	just	listen	old	taken	want	whenever	years
actually	back	but	dancing	days	fun	not	soul	still	takes	there	train	watching
15	70	actually	air	an	angels	as	at	back	behind	best	blue	brand	called	crowd	eagle	entire	ever	fighter	flight	flying	had	have	he	heard	his	introduced	jet	large	life	little	man	new	one	only	out	perform	pilot	plane	played	saw	show	speakers	strike	that	then	there	through	time	very	we	went	when	who	with
10	47	back	brings	good	its	like	now	old	so	then	wow	years
at	bbc	chicago	dancing	disco	great	memories
appear	because	generation	hear	make	new	nostalgia	old	really	songs	thank	want
2019	days	dec	from	good	greetings	listening	mabuhay	northern	old	part	philippines	reminiscing
20	am	before	but	extreme	for	have	karen	listening	longing	nostalgia	period	reason	rip	some	time	way
across	back	bring	times	yeas
after	as	beat	beautifully	cancer	carpenter	close	cry	did	doing	each	favorite	forever	friend	from	had	haven	hear	heard	her	hope	identical	if	is	joy	karaoke	karen	last	life	liked	lost	made	not	on	or	remind	said	she	sing	singing	songs	still	swear	talked	that	time	touch	voice	we	were	when	will	years
back	by	changed	gone	good	had	has	how	looking	makes	much	on	rather	sad	seems	so	that	times	today	years
best	childhood	ever	memory
awesome	listen	material	nostalgic	sweet	tune	very
all	am	boy	chinese	country	for	freedom	grandma	listen	mcdonald	missed	people	remember	time	want	when	with	world
again	be	kid	makes	want
back	childhood	lovely	memories	takes
about	always	am	as	be	but	carefree	cry	days	every	forever	good	how	its	kept	life	listen	makes	memories	old	on	only	places	remain	reminded	right	that	things	those	time	were	will
70	better	but	funner	had	less	miss	simpler	tech	times	we	world
2019	back	come	memories
reminds	when	young
brings	car	carpenters	good	hear	loved	memories	mom	riding	singing	so	songs	their	these	tunes	when	with
about	back	brings	childhood	everything	from	jeez	parents
70s	back	brings	early	good	growing	memories	times	up
07	1977	2019	august	carpenters	exactly	husband	many	memories	met	nice	on	radio	so	today	were	wonderful
57	all	back	being	by	fast	great	how	just	looking	makes	now	passed	sad	so	teenager	think	time	times	when
19	ago	but	cassette	cassettes	change	collection	growing	keeps	mom	more	no	nostalgia	only	playing	remember	tape	through	times	years
50	ago	back	brings	cry	license	years
2016	22nd	back	beautiful	daughter	days	happy	july	passed	remembering	takes	who
2019	29	back	brings	dated	girl	her	impossible	is	june	lane	listening	lot	memory	owed	pay	taught	today	who
beautiful	for	mom	nostalgic	sing	so	used
2019	29th	48am	dubai	full	great	june	memories	played	time	times	unforgettable
as	but	by	cried	did	elementary	feeling	first	flies	getting	is	listened	lyrics	not	quite	school	stronger	time	understand	when
am	cause	crying	dad	days	listen	old	reminds	when	with
15	am	at	brought	childhood	eyes	friend	have	listen	really	reminded	sang	school	since	tears	today
anymore	anything	are	because	before	can	changed	do	fast	fix	from	have	innocent	like	makes	memories	not	oh	or	past	people	person	re	relive	sad	so	tears	that	there	things	you
50	60	70	after	alive	be	comment	common	days	doing	everything	eye	find	gives	gonna	good	goosebumps	got	ha	heard	if	internet	is	isn	leave	ll	maybe	nostalgic	now	old	or	remember	since	so	sometimes	still	teary	that	those	when	where	years
2018	august	back	been	brings	childhood	cry	every	first	from	have	hear	heard	la	listening	many	memories	nonstop	sha	shines	since	so	still	time	woah	wonderful
arrangement	beautiful	boy	childhood	days	drum	her	how	lyrics	memories	oh	perfection	played	remember	so	sweet	those	voice
27	97	age	am	around	at	back	but	childhood	died	flash	grandma	memories	missed	she
back	beautiful	bring	childhood	days	do	floods	girl	happy	head	hear	hearing	is	just	little	lot	memories	no	off	on	out	played	playing	radio	recently	remember	when	where
2019	come	favorite	growing	here	is	june	nostalgia	up
absolutely	after	apologies	bad	because	blow	childhood	feel	great	habit	heard	her	just	like	listen	love	make	many	melody	mistakes	now	relaxed	school	secondary	send	since	so	some	steam	still	student	such	time	voice	want
18	although	backseat	car	do	english	even	first	is	kindergarten	know	learned	means	mum	not	on	remember	sing	still	that	times	what	when	year
africa	days	east	kenya	reminds	teenager
1973	angel	away	back	carpenter	have	karen	may	mother	passed	rip	takes	time	voice	you
50	60	70	73	80	about	although	angel	as	big	but	called	contemporaries	course	day	every	for	friends	glad	graduated	great	have	hs	just	knew	love	loved	memories	oldies	sisters	songs	teen	thanks	that	these	well	words
16	1st	68	am	compare	fast	flies	hear	love	now	old	so	time	times	when
am	kindergarten	love	made	past	play	remember	teacher	when
always	childhood	reminds
12	51	am	back	boy	bring	can	changed	first	has	heard	high	junior	just	love	many	memories	much	now	school	smiles	so	still	tears	teenage	time	times	when
14	am	died	feel	grandmother	heard	her	little	makes	nostalgic	now	old	really	remember	remembered	sad	singing	that	when	which	years
all	along	as	back	bring	cry	grow	her	just	listen	listening	memories	see	she	sing	we	with
childhood	favorite	finally	find	memories	tons
back	had	how	just	loved	mp3	much	on	player	remembered	since	so	then
at	back	beside	childhood	go	hear	longing	radio	that	time	very
1973	64	am	be	but	feel	forever	greatest	hit	is	like	remember	september	still	when	will
always	childhood	days	everytime	kid	kind	like	listen	music	musics	parents	play	so	time	traveling	when
childhood	clearly	comeback	favorite	noise	omg	radio
am	amazing	been	childhood	every	feel	have	is	like	listen	listening	made	night	old	since	sleep	years
back	brought	cassette	classic	kid	listen	memories	much	on	so	used	when
1970s	back	days	early	elementary	school	takes
be	can	childhood	cried	day	every	forever	getting	healthy	just	loved	older	one	people	realized	return	sell	stay	that	them	ticket	want	way	were	when	who	with
2019	back	bring	hahaha	memories	nice
40	away	before	behind	beloved	friends	have	leaving	listen	many	memories	memory	nearer	passed	past	remember	still	unforgettable	which	while	years
beautiful	reminds	when	young
1970s	40	able	afford	ago	already	back	band	be	beautiful	break	brings	broadcasted	but	can	carmen	castes	childhood	china	classic	conservative	could	country	enough	faction	firm	from	heard	here	image	iron	is	love	memory	not	old	player	poor	sing	songs	still	streets	strong	that	there	these	were	when	years	you
36	ago	an	be	could	cry	days	is	karen	lost	makes	painful	really	sadly	still	these	today	way	we	weird	wish	world	years	yesterday
baby	carpenters	childhood	damn	every	good	hit	lol	loud	lullaby	mum	old	on	out	sang	tape	times	yes
all	back	brings	favorite	memories	one	songs	those	time	top
all	anymore	back	beautiful	brings	childhood	here	memories	not	some	them
1973	46	again	along	always	be	beautiful	came	canadian	carole	dating	experienced	flautist	free	french	from	is	lives	more	music	never	now	on	once	others	place	radio	responsibilities	she	student	thats	through	time	transports	where	will	with	years	yesterday
30	ago	am	boy	from	long	mind	primary	romantic	school	so	time	when	years
deceased	nostalgia	sentimentality
as	best	her	is	kid	memory
miss	much	remember	so	still	them	when	young
12	about	beautiful	begin	girls	hear	just	myself	remember	romantic	said	so	thank	that	vision
behind	carpenters	couldn	dad	days	for	introduced	karen	left	memories	on	putting	remember	repeat	sad	stay	thank	when	you
car	childhood	listen	reminds	used
1974	album	all	always	are	around	arrangements	back	be	bringing	brothers	cathy	every	fell	floor	had	her	house	karens	listening	living	love	masterpiece	music	neighbor	none	on	over	player	pop	princess	record	remember	room	sat	second	she	singles	that	voice	we	when	will	with
40	about	ago	away	brother	children	hearing	him	is	listening	loved	music	now	passed	reminds	some	we	were	when	who	with	years	younger
first	forget	grade	heard	life	never	sixth	that	time	will
die	hard	memories	reminds	youth
back	beautiful	bring	childhood	happiest	memory
all	back	come	every	grew	heart	memories	nice	those	time	touches	up	with
back	brings	more	once	yesterday
be	could	decency	meaning	more	once	wish	with	yesterday
also	always	bad	can	childhood	come	just	listen	miss	not	old	sleep	so	when
childhood	cry	happy	made	miss	reminds	those	times
back	childhood	go	once	only	want
1973	45	after	along	australian	back	beautiful	cargo	coast	communication	composition	destination	did	first	for	from	headed	heard	melbourne	mesmerized	music	on	purchased	radio	reaching	receiver	record	rpm	sailing	ship	singing	some	station	store	style	suddenly	thing	unknown	way	what	with	wonderful
70s	as	back	fresh	give	had	missed	much	sadly	so	sounds	still	today
afternoon	always	cassette	mom	on	play	reminds	sunday	vibes
10	almost	been	everytime	first	its	just	kid	listened	piece	remember	since	time	when	years
5th	but	certainly	cried	elementary	english	favorite	for	grade	just	listen	not	radio	school	songs	sure	that	time	waiting	when	young
all	away	but	gone	just	like	listen	melted	more	once	re	songs	that	they	those	when	years	yesterday
1956	about	am	as	attention	back	be	beautiful	been	big	can	century	childhood	coming	desoto	everytime	face	father	first	had	half	has	hear	heard	honestly	how	is	karen	later	left	liked	nearly	never	now	old	on	or	remember	rich	riding	say	seat	smile	soon	thank	there	too	truly	us	voice	when	with	wonderful	you	yours
80s	every	good	had	happiest	hear	reminds	sad	so	time	we	when
as	back	beautiful	bringing	childhood	days	favorite	for	good	happy	is	karen	lots	memories	miss	most	much	old	one	reminds	singing	songs	such	thanks	wonderful	years	you
back	familiar	lyrics	old	rhythm	take	time
all	back	best	clearly	come	memories	with
actually	family	friends	reminds
1973	all	almost	back	beach	beautiful	being	brings	every	first	fl	ft	go	great	hear	memories	more	once	played	spent	time	two	vacation	voice	walton	we	weeks	yesterday
after	are	back	best	come	cry	even	friend	happy	just	long	lost	make	memories	miss	never	now	once	really	show	they	those	times	up	where	will	yesterday	you
back	best	brings	days	fond	golden	good	memories	old	those	top	very
again	also	are	as	at	be	bringing	can	cousins	didnt	doing	down	drive	emotions	fill	get	go	gone	good	great	had	her	hey	innocence	karen	kids	lane	life	memories	memory	music	not	nuts	old	on	or	real	record	records	rip	sad	seems	so	soon	spin	that	these	trip	up	used	voice	we	weekends	what	when	years
are	changed	had	have	heart	if	is	life	line	lyrics	makes	much	rather	really	remember	reversed	sad	seem	so	strike	that	there	those	time	today	vietnamese	want	which	wish	words	you
again	at	back	beautiful	believed	brought	check	cover	day	feel	free	good	has	have	lot	many	means	memories	nice	on	ones	out	page	please	remember	school	singing	slow	so	thanks	that	time
childhood	cry	forever	make	memories	remind	young
back	brings	memories	mom	really	sing	used
1973	date	first	lingers	memories	singing
all	back	beautiful	bring	for	gone	grew	is	just	love	many	memories	music	one	shame	she	so	songs	that	them	these	those	types	up	voice	with
70s	growing	kid	reminds	up	when
1960	2018	40th	all	bkk	born	day	europe	friend	great	have	know	life	listen	love	missed	most	much	never	now	old	really	songs	still	such	them	till	time	up	use	very	will	years	you
20	again	can	close	could	ever	every	express	eyes	hear	her	last	listen	long	love	meet	missed	mom	more	reminds	singing	single	than	these	till	time	ve	we	words	years	you
always	back	bring	childhood
back	childhood	kid	mum	play	takes	use	when
1976	6th	all	back	brings	class	during	grade	hansen	many	memories	miss	montana	played	so	songs	teacher	thanks	their	year
album	childhood	christmas	favorites	from	grew	listening	one	still	their	up	voice
brings	childhood	days	love	miss
all	back	best	clearly	come	memories
back	bringing	childhood	finally	for	found	hear	let	old	on	parents	part	radio	thank	when	years	you
always	by	has	heaven	introduced	listening	memories	mother	our	remember	thank	you
feeling	nostalgic	school	time
2018	all	amazing	back	best	clearly	come	listening	memory	more	natural	once	talent	very	voice	what	who	wow	yesterday
1970	as	beneath	carpenters	earpiece	guam	june	landing	landscape	late	memory	nice	playing	radio	remember	unfolded	were
all	around	being	child	dad	fabulous	how	memories	miss	mum	music	oh	seaside	trips
away	back	come	memories	old	or	please	take	them
age	anymore	beautiful	because	but	crazy	did	do	laugh	listened	love	makes	memories	miss	not	now	recall	songs	still	things	those	when	young
cry	days	listened	loved	made	missed	so	songs	strongly	those	understand	when	you
10	15	60s	about	an	as	back	being	brings	came	could	earlier	early	first	for	from	funny	her	how	listening	longed	look	memories	music	now	old	on	out	relate	remember	reminiscing	she	teenager	that	we	when	years	younger
back	both	brings	early	happy	left	memories	music	sad	too	us	you	your
40th	already	beautiful	get	more	once	very	when	wish	years	yesterday
album	back	car	could	finally	found	grandpa	japan	listened	many	oh	only	remember	shalalala	so	years
afternoon	beautiful	every	middle	miss	plays	school	that	times
can	days	every	had	into	just	listen	making	miss	myself	night	stop	tears	time	we	when
30	about	after	again	back	best	brings	childhood	competition	days	during	emotions	ever	finding	for	forgot	growing	like	lived	memorized	one	past	singers	singing	tears	that	up	years	yesterday
early	flashing	hear	keep	memories	mind	seventies	whenever	wow
actually	against	all	always	are	back	brings	but	chinese	countries	different	doesn	each	english	fight	for	happy	humanity	kid	listen	loves	many	memories	mom	now	other	played	races	remember	said	see	she	so	something	still	that	there	till	together	ugly	understand	us	we	weeping	when	which
back	by	changed	gone	good	had	has	how	looking	makes	much	on	rather	sad	seem	so	that	times	today	years
cant	father	first	found	help	just	kid	listen	lyrics	many	music	now	passed	room	so	stop	tape	tears	understand	when	years
affordable	among	an	as	bought	brand	buy	can	cheap	cool	country	current	days	display	easter	egg	enough	even	feature	first	gather	go	had	higher	included	inside	lacks	listen	lyrics	managed	money	mp3	music	on	ones	play	player	remember	sadly	so	something	sorts	struggling	teenager	time	today	usb	very	when	which
as	by	did	expect	gives	goes	he	if	just	listener	memories	not	passed	past	quickly	recalling	serenity	silence	so	time	yesterday
am	appreciate	back	can	childhood	due	eighteen	eleven	family	first	great	happy	how	just	knew	listened	lyrics	melody	nice	now	only	or	pain	resonate	strongly	struggling	studies	ten	then	those	times	voice	when	with
alive	all	am	back	brings	felt	great	had	life	so	stell	then
at	ballroom	best	capital	dancing	disco	dj	edwards	friday	greg	jesus	london	lyceum	night	on	radios	remember	town	with
childhood	lots	memories
3pm	brother	busting	everyone	flick	friends	handball	high	home	neighborhood	on	playing	remember	saturday	shaw	tail	until	watch	with
birmingham	blades	days	good	old	reminds	silver	sundays
14	15	at	bar	barman	came	feed	jukebox	keep	knew	loved	much	never	only	or	out	over	playing	pop	she	so	time	uk	when
11th	2019	absolutely	always	back	be	brings	dad	day	forever	july	life	little	love	memories	miss	much	playing	rip	so	when	will	you
back	band	bringing	darlington	done	england	fabulous	for	great	lovely	memories	shirley	thank	well	what	you
1963	1965	1979	57	age	all	am	are	at	back	but	climb	comes	did	do	feel	from	go	hear	into	is	listening	little	machine	many	moves	music	not	now	people	press	respects	see	stuff	that	there	time	today	very	want	way	what	when
60s	again	amazing	are	as	before	born	came	can	captial	every	gold	grow	harmonys	just	listen	love	mum	music	on	out	over	sunday	their	up	with	years
1966	45	again	among	are	best	bought	certainly	day	exciting	faces	full	genuine	get	great	harmonies	hollies	is	its	music	never	old	on	over	perfect	perform	played	player	pleasure	record	singers	smiles	so	soaring	still	teenage	them	thirteen	tired	very	watch	when	wonderful	years
as	because	bobby	by	can	drumming	drums	elliott	for	great	heard	hollies	immediately	little	much	never	now	oh	older	or	over	perfect	playing	records	remember	say	singing	sisters	struck	teenager	that	too	tried	twenty	what	while	years	yes	young
carl	for	memories	nostalgic	thank	you
10	45rpm	bringing	brother	favorite	home	on	record	remember	yardbirds
all	away	back	best	brings	british	fast	great	had	high	invasion	memories	music	school	slipped	some	that	too
about	against	anti	beatles	beginnings	burn	did	doob	establishment	first	good	guard	guys	high	if	kids	listening	makes	memories	most	music	not	old	protest	revolt	school	singing	soldiers	sort	still	that	these	thing	too	wanna	were	what	when	witnessing	yarbirds	youth
12	1966	ahead	are	but	cats	deserved	for	great	memories	music	musically	never	old	only	priceless	props	so	their	then	these	they	time	way	were	yardbirds	year	years
back	brings	love	memories	timeless
back	favorite	first	husband	met	never	now	or	takes	time
after	agree	albums	all	always	away	awesome	been	best	books	brother	elvis	ever	few	freaking	from	got	had	handsome	have	he	his	history	intrigued	just	library	made	man	millions	one	out	passed	peace	presley	read	records	rest	so	songs	then	there	with
air	before	great	lot	memories	play	popular	senior	summer	year
child	compassionate	confessing	each	every	feelings	filled	flashbacks	for	from	get	italy	living	lovers	other	southern	street	there	when	where	with
dad	he	heaven	kid	loved	miss	much	so	sung	used	when
am	car	dad	listening	old	on	remind	school	way	when	years
awesomeness	benson	brilliantly	but	george	glen	listen	love	many	memories	pure	sang	singing	so	take
every	forever	happy	love	memories	party	played	we	were	when	will	young
but	cassette	for	from	horrible	listened	quality	radio	recorded	recorder	remember	teenager	when	years
80	are	best	childhood	music	remembered
about	always	be	born	can	gentle	have	innocent	is	no	or	pure	sexuality	sing	singer	so	there	those	times	today	violence	way	who	why	wish
80	90	always	back	best	brings	ever	from	good	great	is	love	memories	music	old	such	youth
all	back	brings	dance	during	first	good	has	is	lasted	lot	memories	played	sister	so	that	their	these	wedding	years
1985	80s	back	brings	find	into	looked	loved	memories	released	swear	until
18	always	at	beautiful	but	fast	goes	had	listen	memories	that	time	years
17	1987	back	beautiful	brings	him	just	like	memories	much	old	so	then	years
1988	backyard	best	dance	friend	is	learning	remember	slow	summer
80s	back	beautiful	childhood	experienced	had	hahaha	happy	love	makes	music	one	so	takes	wow	years
40	80	90	back	brings	era	experience	glad	got	memories	mid	much	now	sad	so	teenager	that	when	years
anyone	back	best	clock	could	else	get	happy	just	knowing	life	live	ll	messed	never	our	rest	so	that	thing	turn	up	we	wish	with	you
back	bring	build	can	machine	music	must	need	please	someone	time	we
ask	back	damn	dance	dances	high	jr	nerve	school	someone	takes	up	working
32	after	first	her	love	loving	many	memories	met	mine	never	reconnected	so	stopped	we	years
80	as	back	change	feeling	for	gonna	its	love	nothing	same
1980	about	car	forget	happy	her	kill	lady	love	makes	miss	never	she	so	think	together	we	were	when	will	wreak
actually	boys	call	date	for	girl	happy	have	how	jobs	life	like	living	longer	love	make	marriage	mattered	money	no	now	on	path	phone	place	romance	sad	seemed	taken	that	things	time	value	we	when	worth	would
classics	days	favorite	is	one	reminds	those	timeless
beautiful	brings	first	heard	him	is	love	memories	met	most	that	time	today	up	what	wife	woman
back	brings	childhood	good	love	memories
all	brain	childhood	coming	great	is	life	memories	youth
17	1987	aren	awesome	back	brings	hear	kids	lasted	memories	raised	some	still	together	we	wedding	when	why	wonder	years
18	1988	again	fond	form	leaving	memories	party	sixth	summer
80	are	at	best	boy	dancing	era	ever	girls	love	magic	one	parties	remember	songs	time	we	when	with	wonderfull	young
all	away	back	be	brings	but	didn	family	felt	friends	great	heart	know	last	many	memories	moved	or	past	some	then	time	together	were	would
beautiful	close	cry	eyes	flashback	had	have	is	listening	love	memories	most	still	that	when
12	at	beauty	forever	gave	girl	innocence	love	man	oh	old	on	puppy	recorded	released	serenity	stay	swore	tape	time	when	who	with	year
17	19	1987	30	50	almost	as	beach	beautiful	brought	did	each	exactly	girlfriend	gives	have	how	incredible	is	lot	love	many	memories	mind	nostalgia	now	old	on	other	passed	same	so	such	time	video	watching	we	who	with	wonderful	years	young
80	90	best	life	miss	really	years
days	especially	makes	nostalgic	school
am	beautiful	brings	for	good	kind	memories	music	thankful	that	very	when	younger
17	about	although	always	at	came	didn	ever	going	holiday	italy	know	loved	now	on	or	really	remember	restaurant	since	time	tv	ve	what	when
days	heard	man	memories	miss	stomach	those	turned	when
again	back	days	these	were	wish
are	back	bits	brings	chick	ever	for	get	gone	got	hats	live	love	never	old	on	phone	school	were	when	young	your
40	about	after	always	am	back	be	because	boy	brought	come	doe	eyed	fell	flies	future	he	him	his	innocent	knew	love	man	memories	must	name	never	now	old	on	optimistic	school	seemed	still	time	tv	watch	when	with	would	years
18	30	80	after	again	ago	back	better	but	can	first	he	high	is	love	music	never	nothing	now	our	school	sing	singing	succeed	sweetheart	than	they	true	try	used	with	years
beautiful	days	happy	her	holiday	listening	many	memories	miss	much	mum	on	reminds	so
first	for	girl	good	made	memories	mix	on	tape
80	anymore	are	back	don	feel	fun	glen	him	his	is	like	making	music	no	nostalgic	oh	recently	singer	so	sweet	there	very	why	you
80s	back	build	go	machine	need	time
didn	grow	have	legendary	many	memories	old	so	up	wish
80s	always	back	best	brings	could	go	good	how	life	love	many	memories	music	so	time	will	wish
80	back	brother	drive	from	good	lake	reminds	reservation	sunrise	times	use	when
80s	90s	back	boy	brings	changed	could	go	have	how	many	memories	miss	so	things	time	wish
14	1966	back	beautiful	brings	faces	fantastic	john	live	old	rip	scott	thank	version	voices	years	you
60s	absolutely	brilliant	brothers	came	escape	fire	handsome	into	luton	reminds	ritz	saw	so	teenager	them	they	up	very	walker	we	went	were	when	where	wife	young
back	brings	from	great	memories	teenager	when
50	back	best	music	take	thanks	time	years
back	best	life	please	take	times
60s	as	beautiful	came	colors	down	fantastic	for	girl	hendricks	hippy	is	jees	jimmie	john	lady	loved	omg	place	same	screamed	see	shouted	so	that	them	they	uk	wearing	went	were	when	who
back	could	go	know	love	now	that	time	what	wish
14	an	at	being	childhood	faithfully	for	go	him	love	marry	memories	not	option	ready	scott	steady	thanks	time	totally	unfortunately	walker	wanted	watched	with	wonderful
again	almost	as	back	be	brings	is	listen	many	memories	never	painful	period	so	that	time	will
13	be	calypso	dances	doing	girls	going	great	has	hit	line	long	man	old	passionate	remember	romantic	school	singing	so	there	voice	what	when	would	year
child	feel	for	music	nostalgic	thank	very	you
60	back	brings	england	every	go	loved	memories	minute	ready	steady	teen	theicewitch54	watched	while	wonderful	years
brilliant	favorite	great	its	listening	little	mom	mums	remember	voice	when	with
1996	60s	at	back	bought	brilliant	concert	denisex	distant	during	for	going	hemel	hempstead	hit	life	live	memories	pav	pavillion	performed	pop	remember	sharing	summer	thanks	their	top	volume	warm	wishes
best	grew	happy	memories	one	up	with
60	all	along	at	back	being	bliss	great	mums	on	radio	right	she	sheer	side	sing	songs	takes	that	were	would
1966	certainly	changed	for	got	hair	have	hey	high	kicked	long	out	school	that	time	wearing
back	brings	happy	many	memories
2019	60	are	awesome	bands	best	brothers	but	else	endless	energies	era	etched	experiences	for	gone	hearts	high	john	matters	most	music	nothing	our	raised	re	rip	rock	roll	school	scott	songs	their	them	these	walker	when	yes	you	youth
10	16	53	as	back	came	crush	days	feeling	for	found	girlfriend	got	had	hearing	heartache	just	later	listening	lyrics	miss	music	now	old	out	really	remember	same	sign	that	those	true	were	who	written	year	years
2019	60	attached	back	being	can	go	goosebumps	many	melodrama	memories	sept	so	teenager
attached	big	come	did	know	little	many	memories	mysterious	place	so	teens	then	what	wonderful	world
back	best	can	days	go	had	life	much	music	now	one	please	real	simpler	so	then	they	those	too
absolutely	again	all	back	can	days	get	how	is	love	miss	never	sad	that	there	those	time
60	70	alive	felt	miss	much	optimistic	really	so
back	brings	favorites	lovely	memories	new	old	one	timeless
anymore	back	because	broke	eyes	first	going	heart	listening	not	sun	takes	tears	thought	yeah
again	big	could	give	love	miss	much	reminds	see	sister	so	wendy	whatever	would	you
10	63	are	brilliant	cam	certainly	classic	era	from	great	hits	is	listening	many	memories	now	one	out	so	them	there	tune	vocals	when
66	almost	always	at	back	bar	beggar	blind	box	classic	cornell	days	early	forehead	george	have	he	him	innocent	is	juke	killing	kray	loved	march	old	on	outright	playing	reminds	sat	shot	straight	those	through	timeless	when	while	whitechapel	years
back	brings	brought	called	crap	eyes	for	many	memories	so	tears
back	brought	crazy	for	memories	non	played	some	stop	teen	thank	years	you
as	audio	cassette	child	first	had	listening	rap	tape
back	brings	germany	jam	listening	memories	stationed	still	when	wonderful
back	best	life	music	takes	way	wise	years
back	came	club	day	days	good	jumping	old	on	when
all	back	can	club	go	played	remember	teen	texas	they	time	used	when
80	back	brings	club	days	memories
1980s	but	cool	don	guy	like	lil	little	look	man	miss	oh	one	wayne
80s	back	great	how	just	take
back	could	damn	days	go	these	wish
2000s	90	90s	all	back	boy	dance	dancing	do	fiance	floor	for	generation	just	last	man	miss	new	night	not	on	take
back	days	girls	school	singing	takes
at	back	beats	better	cant	god	much	old	roller	school	skating	so	takes	then	top	were	you
at	def	down	good	listening	remember	reminiscing	rink	skating	times	too	track
ah	as	back	brings	came	classic	damn	dance	dope	floor	friends	hell	here	high	is	literally	many	memories	out	right	school	shit	so	tear	track	up	use	when
ah	awesome	back	brings	good	memories	rink	skating	times
88	89	back	been	brings	came	day	everybody	fl	for	good	got	groups	have	looking	lot	man	memories	name	never	new	now	one	out	thanks	there	tyndal	when	years
1988	am	anyway	back	because	brings	chance	every	got	hating	is	jams	kind	memories	not	one	rapping	rocking	then	what	whatever
70	can	everything	from	miss	more	say	than
80	back	best	brings	childhood	memories	they	times	were
70s	all	bath	bathing	dad	he	little	memories	mom	precious	real	sing	us	used	we	were	while
being	girl	listening	little	love	parents	reminds	with
2009	6th	away	became	boyfriend	but	cassette	ex	first	grade	has	he	him	husband	late	later	listen	lol	miss	on	our	pass	sent	since	so	that	think	use	whenever
80s	at	because	car	deceased	didn	each	favorite	for	getting	give	hard	her	knew	know	listen	love	mother	now	other	out	really	she	sing	something	that	time	turn	up	used	usually	we	what	with
1980	40	about	age	an	back	be	blink	brings	came	cat	childhood	doggo	early	enough	even	existed	eye	feels	first	forgotten	gives	had	her	if	ish	lady	like	little	live	ll	long	lovely	lucky	nostalgia	now	old	out	probably	right	saw	serenading	such	sweet	that	until	warm	when	years	yesterday
back	big	brings	can	hit	love	makes	many	memories	more	say	so	than	that	words	you
day	miss	old	really
2019	airport	at	broken	first	goodbye	he	heart	here	high	love	moving	out	reminds	saying	school	state	truly
childhood	father	listen	often	remember	sings
2019	but	feels	fresh	many	memories	past	relate	so	songs	with	wonderful
back	love	takes	teenager	wow	years
back	feeling	for	love	memories	omg	thanks	throw
carefree	days	joyful	leo	old	remind	thank	yes	you
back	brings	broadcasting	classic	corp	day	enjoy	excellent	hear	memories	srilanka	used	youth
30	after	again	apropos	first	gives	innocent	listening	love	nice	on	reminds	smile	that	years
2019	am	at	back	but	january	little	looking	love	next	nothing	parents	playing	radio	remember	seat	sister	sitting
eyes	nostalgic	tears
be	dad	inhaling	listen	nostalgia	soon	there	would
as	at	danced	happy	high	maine	our	portland	roller	school	skated	sweethearts	we	wedding	well	were	wheels	when	wife
80s	being	humming	nostalgia	proud	when	young
another	garbage	great	is	makes	miss	past	today	world
after	every	father	kid	liked	miss	moment	morning	open	school	that	when
14	82	all	back	brings	danube	exactly	falling	feeling	first	girl	hand	kiss	like	listening	long	love	memories	old	on	shores	summer	that	tied	walks	with	year	years
1981	after	birthday	care	her	is	ladies	love	miss	mum	on	one	remember	school	shelter	singing	sister	tasmania	tassie	those	with	women	wow	years
62	best	but	chevy	dad	driving	ever	flatbed	forgotten	has	his	lol	middle	mom	momma	not	old	only	passed	remember	rip	say	stood	time	when	while	would	wow	years
brings	heart	memories	mind	sweet	thank	warms	you
60s	70s	80s	beat	getting	nostalgic	nothing	songs
good	her	remember	sang	when	young
childhood	remind
are	before	day	ever	every	feeling	for	fresh	gives	green	his	leaving	leo	loved	play	remember	sayer	school	single	songs	tracks	wow
1980	20	at	different	drove	from	girlfriend	great	heard	indiana	least	memories	on	phoenix	radio	stations	there	way
back	better	brings	good	love	many	memories	much	so	songs	thank	then	were	you
1998	friend	girl	high	remember	school
1980	all	discos	had	machine	madrid	play	pubs	they	time	used	wish
ago	days	many	mine	missed	moons	younger
back	bring	good	love	memories
alright	back	brings	classic	many	mate	memories	so	thank	you
50	60	70	80	all	back	being	better	brings	could	feelings	from	had	hear	inside	life	love	miss	music	older	on	place	radio	songs	sung	that	these	touched	understand	when	words	you
always	dad	for	growing	miss	mom	played	up	when	you
60s	70s	always	dad	drives	every	he	love	on	really	time	turns
above	all	amount	an	back	bitter	bringing	cherished	enormous	many	memories	sweet
at	back	because	born	brings	date	days	had	how	just	later	memories	miss	music	never	oh	real	that	those	well
13	ago	at	boyfriend	cause	cry	field	had	him	just	long	loud	memories	myself	old	on	or	out	over	reminded	sing	so	trips	used	years
1954	age	anyone	as	at	aware	be	been	born	captured	commented	elvis	emulate	even	gifted	grandmother	has	have	he	his	imagination	love	many	music	never	or	others	popular	presence	presentation	really	sound	started	still	there	through	today	voice	who	years
21	28	after	bought	car	cd	crying	divorce	down	driving	ended	first	had	is	later	loud	love	marriage	remember	still	turning	up	very	windows	years
