16years	age	all	although	at	but	can	days	emotional	fan	feel	for	golden	great	have	he	hear	his	jim	life	lord	loving	many	now	reeves	relaxed	singer	singers	still	thank	those	time	voice	vouch	was	we	with
1st	2nd	30	47	all	are	back	be	blessing	came	can	convince	day	december	for	from	god	granted	greatest	have	hope	later	leave	life	lou	man	marry	mary	me	nam	now	pray	reality	receive	served	some	thank	tour	viet	when	who	years
always	are	heart	wherever
always	be	can	close	come	elvis	his	king	no	number	one	place	taking	will
anytime	be	begin	bet	could	for	future	generation	goes	hit	if	ill	new	on	play	radio	still	they
64	am	father	jim	listen	now	reeves	remember	used	was	when	young
all	as	beared	coffin	crematorium	father	favorites	has	him	into	late	meaning	played	singer	special	time	top	tribute	very	was
100	29	albums	along	as	at	australia	boxer	by	college	come	could	daddy	eric	from	generation	grandma	grandpa	guess	he	heard	him	his	jim	least	man	maybe	mine	mr	next	no	now	old	presented	reeves	sing	singer	sir	songs	top	was	well	which	wonderful	years
again	as	elvis	entertainment	for	nothing	now	then	there	was
be	best	blues	country	elvis	ever	he	heart	if	music	no	rhythm	rock	roll	soul	there	was	were	will	would
baby	blow	guaranteed	like	mind	part	roller	steam	your
absolutely	elvis	forever	he	him	lord	made	off	really	showing	was	when	will
different	enjoy	familys	generations	great	hear	quality	true
all	could	favorite	forever	him	listen	singer	time
any	anytime	beautiful	distant	drums	emotions	especially	eved	get	hear	his	jim	overcome	reeves	songs	teary	very	with
beautiful	die	ever	every	he	his	know	loved	made	man	mother	much	music	never	played	so	sounds	think	will	word
all	best	country	lovey	one	singers	time	voice
60	but	heart	melts	prepare	rocker	sound	usually
absolutely	appreciate	at	boast	brilliant	but	can	days	element	enjoyed	for	good	his	jim	least	music	now	older	people	posting	thanks	video	was	when	who	yes
across	all	appreciation	beautiful	come	first	for	great	innocent	jim	live	long	more	music	reeves	reminds	rightly	so	their	think	thread	time	united	us	ve	voice
about	as	boy	but	by	elder	favorites	girl	great	him	interpretation	little	mother	number	on	one	plausible	put	raise	says	sisters	someone	think	three	tom	treat	very	who	whose	wig
1960s	boy	brought	early	girl	he	knew	think	up	was	when	who
boy	but	favorite	great	have	many	one	so	songs	still	they
1967	anyone	around	audio	autobiography	book	erudite	fantastic	listening	now	pete	rather	reading	recommend	right	spoken	version	very	well
another	away	calling	dear	different	distant	drums	favorite	flowing	gone	heard	her	jim	meaning	mum	now	oh	on	reeves	she	songs	sound	takes	tears
always	amazing	classic	drumming	heart	known	lifts	little	sensational
amazing	an	before	heard	never	rhythm	voice	what	wow
about	changed	controlling	four	like	mine	name	or	parents	three	was	when	who
asked	can	childhood	friends	just	listen	me	mom	now	seen	she	sing	singing	something	started	stop	today
100	along	beatles	best	classic	dylan	even	from	music	now	on	over	played	so	stones	will	with	years
album	be	could	doubt	ever	for	greatest	handedly	has	its	just	me	no	only	single	so	story	tommy	unbelievable	weird	who	work
barry	been	brilliant	done	had	he	if	like	me	mix	motown	nice	orchestra	palmer	reminds	robert	so	such	too	unlimited	ve	version	white	would
all	back	builds	crescendo	favorites	magnificent	matched	one	or	rarely	then	time	today
band	broken	fell	first	for	heard	hearted	hit	home	me	on	really	road	time	was	with
60s	90s	95	about	alive	appreciate	around	back	be	but	cut	day	do	don	enjoy	enthusiastic	ever	folks	get	god	grown	hardly	have	like	magic	man	meaning	music	no	oh	play	playing	short	something	talking	then	they	through	uhh	wanna	was	we	when
anyone	beat	can	classic	does	drummer	find	know	on	thanks	was	who
amazing	arrangements	arrangers	background	classics	credit	deserved	did	dramatic	for	got	most	music	never	on	one	orchestrators	pop	powerful	probably	sharing	songs	thank	these	they	work	youth
before	don	dropped	found	go	let	trailer	week
all	am	any	cause	good	here	like	listen	music	must	not	other	parents	phones	them
always	at	called	camels	desert	don	east	go	hear	job	let	lol	makes	me	middle	or	parts	saw	side	think	till	trailer	was	what	wondered	world
days	don	great	hears	its	now	sad	songs	these	we	words
am	here	him	listen	look	me	mom	so	told	up
elvis	forever	great	live	long	many	miss	never	singers	why	will	world
along	beautiful	cry	emotion	every	family	his	king	live	long	makes	me	much	pics	single	so	those	time	with
generation	generations	just	lived	music	prefer	than	wish
before	guess	how	just	late	leave	most	much	really	someone	tell	them	too	us	we
about	amazing	away	because	care	chance	ever	for	girl	give	hard	have	keep	lost	me	met	more	most	one	ones	pushing	satisfied	showing	such	them	time
able	all	been	for	fulfill	gentle	go	had	he	her	him	his	left	life	lisa	loved	marie	princilla	sad	so	soul	started	think	was	when	wish	wrong
elvis	get	him	jackson	michael	never	presley	sad	see	so	time	was	wish
always	awesome	be	been	favorite	greatest	he	loss	singer	was	what	will	world
16	always	amazing	but	had	he	him	listen	old	only	people	ve	years
alone	any	because	can	die	do	going	grew	hard	her	how	learned	little	loved	never	or	probably	relationship	say	show	them	things	told	up	whenever	woman
barbiedolly	before	didn	get	glich	little	maybe	meant	music	there	too	was	what	with
2nd	age	build	came	for	grade	memory	movie	only	out	treasure	was	when	your	youth
attention	classic	joint	life	lyrics	many	much	pay	relates	situations	very	why
feel	given	helps	inspirational	like	me	up	very	when
all	amazing	bass	brothers	but	david	don	forget	funk	give	great	greatest	had	hear	jamie	jamison	levi	man	marvin	motown	one	others	smokey	stubbs	thanks	there	tops	troubled	underrated	up	voices	were	with
age	at	had	he	his	legend	man	much	old	power	seventeen	so	soul	such	vocal	voice	what	years	young
17	as	at	by	davis	for	goes	he	maybe	now	old	only	primary	school	son	spencer	steve	teacher	there	think	was	way	well	while	who	winwood	wrote
16	age	believe	but	for	good	hard	he	old	really	said	someone	there	years
blow	great	if	like	out	sing	tried	tune	voice
black	come	got	he	if	natural	not	out	soul	thing
are	aren	band	great	now	or	popular	really	recognized	shame	smashing	songs	they	too	with
60	comments	had	idea	loved	no	read	singing	stevie	until	was	winwood	your
100	absolutely	beautiful	excellence	gold	great	life	line	masterpiece	memories	music	phenomenal	pure	solid	sound	standard	talent	top
appreciated	beyond	few	he	his	invent	machine	now	people	please	realize	so	somebody	soulful	steve	teens	time	under	virtuoso	was	what	younger
1967	ago	aint	from	long	music	nothing	now	nowadays	peace	there	think	time	touch	wow
always	best	better	case	first	from	get	give	on	only	point	rest	shot	time	told	was	will	your
discover	fabulous	for	great	group	hear	not	often	share	such	thank	voice	wow
22	60	adaline	age	ask	band	brought	daughter	enjoying	evening	here	me	movie	she	viewing	was	when	who	with	youngest
bad	but	favorite	have	heard	never	then	too	version
about	before	executed	exists	family	he	his	home	man	past	reminiscing	sad	tells
14	am	first	grandma	introduced	now	only	shall	still	thank	was	when	with
always	but	by	her	know	laura	name	sing	thomas	tommy	wifes
1960	as	do	finest	for	hit	me	one	out	really	single	singles	stands
afterwords	but	get	happened	hit	like	lost	lovely	many	one	so	though	voice	what	wonder
can	enjoy	nice	one	relax	what
friend	keeps	laura	me	name	on	singing
all	appreciate	can	great	like	me	out	shout	teens	tunes
brilliant	highlights	really	so	tragedy	well
17th	be	because	coincidence	ever	favourite	happens	laura	name	such
as	but	cheap	compilation	decent	laura	never	park	pictured	skank	trailer	until	version	video
adds	anymore	but	comfort	create	do	had	have	knowing	laura	like	maybe	music	not	people	personal	sorrow	thing	who
better	can	crap	grew	hear	now	songs	sort	than	these	up	words
be	best	created	ever	forgotten	music	never	should
are	cases	finished	half	lyrics	only	others	some	video	wrong
1960	21st	century	certainly	lady	much	not	she	very	video	vintage	young
any	calmer	day	days	do	good	like	made	make	nice	not	now	songs	such	they	what	words
all	bear	do	name	sad	seem	songs	why
about	are	be	careful	entertainer	greatest	our	person	please	say	talking	thank	time	was	what	who
concert	greatest	history	music
gorgeous	heart	man	voice	would	your
but	called	good	had	he	how	king	known	rated	still	under	was	wish
can	delivery	face	from	he	high	his	how	last	much	notes	part	satisfied	see	sings	those	voice	when	with
all	american	artist	away	blues	but	doubt	from	greatest	have	he	here	his	james	lifetime	listened	make	may	maybe	most	music	no	nothing	one	prolific	said	statement	take	taylor	thing	three	time	times	tune	ve	version	when	white	with	writers	written
awesome	be	coolest	elvis	ever	his	most	name	person	sung
be	best	could	ever	for	have	he	him	just	live	me	once	seen	there	was	will	wish
appears	at	been	concert	elvis	enjoying	fine	gone	had	over	priscilla	ride	year
certainly	earth	fella	gorgeous	he	him	his	however	imaging	just	left	lol	looking	mark	me	now	over	right	rolling	soon	stunning	too	was
all	awesome	best	blues	but	by	comparison	do	doubt	genres	great	have	incredible	man	many	most	mr	music	no	not	one	only	presley	really	singer	singing	so	still	were	world
all	always	at	beginning	forever	he	how	king	know	laughs	like	looks	music	side	then	thinking	was	what	would
background	blues	elvis	for	great	hear	on	parody	period	playing
bluesy	comfortable	definitely	down	he	his	low	most	music	roots	style	think	with
bless	elvis	forever	friend	god	greatest	miss	now	then	we
angel	artist	concerts	died	earth	effort	eyes	from	god	greatest	handsome	he	his	man	most	much	on	peace	rest	see	so	sufferience	too	unique	voice	why	young
be	did	for	he	masterpiece	minutes	never	or	over	perfect	recoding	so	studio	why	wonder	would
again	always	back	be	because	but	can	coming	else	elvis	forever	gone	heard	its	keep	life	like	no	now	one	other	our	some	special	there	time	too	very	video	videos
be	can	cover	elvis	for	forget	harmonica	key	look	making	never	on	played	soooo	tune	we	will	your
absolutely	all	are	band	bless	burton	elvis	entertainer	fantastic	forever	glen	god	great	greatest	hardin	heart	heaven	james	over	singer	tcb	time	vocalist	what	world	yuo
all	fantastic	greatest	music	performance	time	voice	what
amazing	another	as	back	been	bone	brilliant	but	call	come	do	get	great	have	he	his	how	interpreter	liked	many	masterpiece	me	not	proof	them	there	together	work	wrong	yet
adore	beautiful	biggest	elvis	handsome	history	hot	most	music	sexy	singer
by	close	come	elvis	entertainer	ever	god	greatest	here	man	no	one	peace	rest	see	sent	was	who	will	world
40	burton	elvis	from	have	james	must	old	over	rickey	rocks	stolen	years
all	always	are	be	compared	for	has	he	here	him	his	if	king	more	music	not	nothing	others	stealing	still	they	was	will	would
any	better	can	fantastic	favorites	get	gold	one	perfect	pure
adam	backing	barry	but	faith	from	good	great	he	john	made	orchestra	pizzicato	pop	really	records	singer	so	strings	superb	technically	use	was	wasn	what
50s	60s	about	always	as	aunts	born	but	elvis	emotion	for	genuine	grew	heartfelt	late	more	orbison	preferred	raved	roy	songs	sung	thank	they	thought	uncles	up	was	were	with
based	been	best	favorite	feeling	for	generation	his	if	known	on	performer	popularity	roy	solely	sure	talent	ve	were	would
50	60	from	music	no	songs	soul	there	today	unlike
baritone	bass	complexing	did	he	his	if	know	not	or	singer	so	soprano	talented	tenor	voice	was
about	alone	being	bit	depressed	feeling	know	listened	lonely	not	now	right	roy	then
classic	continue	enjoy	his	legacy	live	lonely	on	only	we	wil	will	work
agree	big	completely	converts	expression	feelings	from	great	into	lyrics	nice	stuff	thanks
16	artists	daughter	exposed	good	great	her	knew	like	loves	music	never	old	on	orbison	right	rock	roll	she	until	was	what	year
16	age	begin	day	hope	kind	like	old	one	really	those	which	will	wonderful	wow	years
all	bless	don	fantastic	god	he	know	missed	ones	roy	singer	they	was	what	young
1988	1989	about	amazing	away	be	been	bournemout	bournemouth	brings	by	centre	december	eyes	first	forgotton	have	he	his	home	january	ll	never	passed	pavillion	rip	road	roy	start	tears	tour	town	truly	uk	venue	was	way	westover	when	would
2010	all	at	be	both	boys	burnt	cash	die	door	down	family	henderson	house	jr	location	looking	man	music	never	next	old	performer	person	roy	sir	site	stood	tennessee	their	visited	will	wonderful	yes
always	classics	like	pleasure	stumble	upon
an	cherish	forever	forget	his	magnificent	man	music	never	orbison	roy	will	your
50s	60s	beat	beautiful	early	has	late	period	totally	unique
all	awesome	had	he	his	own	range	style	was
drinking	him	invent	listen	live	machine	made	mediterranean	oh	please	self	time	want	wine
100	agree	always	back	could	live	then	wished
ago	assignment	english	for	homework	just	looked	minutes	now	searched	up
ago	all	are	at	away	can	cry	dare	do	feelings	from	germany	like	listen	make	man	more	mum	music	passed	seldom	songs	then	there	totally	two	understand	very	vulnerable	when	years	your
any	doesn	folks	glad	has	have	hear	heart	hope	just	like	maybe	played	real	rock	roll	some	stuff	today	world	young
about	ago	album	always	an	as	baby	be	dig	ended	find	have	know	ll	long	not	on	out	re	remember	so	sure	talking	think	through	will	years	your
actually	back	had	sing	when
country	great	like	music	now	was	wished
again	believe	country	for	god	hear	junk	music	never	play	radio	real	rock	sirius	sucks	thank	they	today	true	we	will	youtube
beautiful	by	country	disc	ever	for	gold	great	hank	him	locklin	most	one	recorded	selling	single	songs	top
ain	classics	country	do	just	no	not	old	stuff	these
always	another	believe	cramer	delivery	distinctive	do	floyd	had	have	ivorys	legend	locklin	loved	on	such	voice
25	anything	can	classic	country	ever	favorite	go	music	stand	today
dad	kind	mom	music	western
17	am	falling	music	old	school	with	years
about	banging	dad	from	got	incredible	kitchen	music	out	recordings	still	was	when
about	an	country	heard	hits	infomercial	jukebox	on	tv
amen	best	blessing	come	everyone	for	god	him	his	knows	many	really	who	years	yet
classic	country	did	great	hank	hits	many	so	thank	well	with
comment	ever	funniest	lmao	on	saw	youtube
facebook	has	just	let	lie	liked	me	no	on	only	photo	post	ricky	shared	youtube
friend	girl	have	laura	nice	very	young
bad	hates	laura	she	sing	sister	when
after	at	but	grandparents	least	means	named	not	quite	something	still	was	why
background	barely	like	listen	music	no	nowadays	words	wow
just	listening	old	songs	those
but	childhood	didn	friends	grandpa	great	he	serious	think	was
best	but	fogerty	has	john	like	still	think	version
first	gladys	heard	hearing	knights	time	version	was
are	could	get	john	listen	never	over	right	so	tired
all	favorites	for	much	one	sharing	so	thank	time
always	been	don	favorites	for	has	like	make	one	posting	shame	sure	thank	them	they	used	what
awesome	better	country	dies	get	just	like	never	old	really
behind	childhood	favorite	for	man	screen	sharing	thank
anybody	by	does	don	for	know	nice	on	piano	posting	robertson	thanks	video	way
enjoy	for	listening	old	posting	really	songs	thanks	wonderful
can	country	down	fans	fashioned	for	good	great	keep	many	old	post	see	so	thanks	young
advice	again	am	back	once	real	replying	some	sound	time
at	best	country	hear	how	its	many	matter	no	pop	times
about	after	all	anyone	as	be	but	could	faithful	great	infidelity	know	losing	lyrics	make	married	sentiment	temptation	think	true	uncomfortable	will
but	great	locklin	one	only	opinion	too	version	well
don	great	here	like	make	nowadays	performance	rock	stars	they	used
27	country	don	good	have	music	people	real	taste
anymore	but	country	don	get	happened	isn	just	like	mean	music	some	today	what
days	do	don	have	hip	let	life	like	low	meaning	music	now	over	pop	rap	take	we	why
500	after	am	appreciate	ask	convinced	even	for	heart	listening	man	stone	times	transplant	with	would
can	dance	daughter	music	old	only	she	with	years
am	best	better	englebert	feel	feeling	friend	hear	his	low	once	songs	when
could	have	last	someone	special	waltz	wish	with
also	beautiful	could	forever	handsome	he	his	me	now	so	then	touching	voice	what	woo
artist	became	don	explain	feelings	for	global	know	legend	star	start	suddenly	superstar	then	true	voice	where	who	wonderful
best	better	brilliant	come	course	don	englebert	for	he	me	much	sung	than	they	well
again	beautiful	doc	fall	peace	what	would
can	change	for	old	songs
always	happy	make	me	nice
actually	age	describes	golden	great	how	melody	such	was
as	beautiful	could	darling	didn	god	know	make	one	so
beautiful	by	englebert	ever	most	one	only	songs	think
beautiful	belongs	by	everyone	legend	loves	sang	true	who
at	dance	have	someday	wedding	would
after	any	beautiful	compose	decades	do	many	memorable	not	nowadays	so	songs	they	touching
around	brought	come	dancing	family	favorite	first	here	just	me	strickly	time	was
also	any	are	as	by	nice	passed	same	so	songs	still	time	whenever
any	beautiful	can	genre	how	just	like	lover	music	not
10	11	amazing	amazingly	an	beautiful	dance	feel	for	getting	great	just	like	lyrics	makes	mesmerizing	much	music	on	scale	sharing	so	such	superb	thx	undoubtedly	up	voice	waltz
ago	always	beautiful	come	concert	days	dream	few	his	music	see	true	very	was	what
always	been	best	for	have	he	his	life	me	part	singer	songs	they
be	ever	got	has	most	one	peace	romantic	songs	sweetest	wow
break	everyday	life	lonely	man	me	start	then	up	wake	without
1967	beautiful	blasted	by	cassani	comes	course	engelbert	from	innamoro	into	italian	maro	melody	obscure	original	panzeri	parrot	quando	really	records	stratosphere	then	think	version
beauty	can	grandmother	his	loved	music	pure	understand	why
all	artist	beautiful	favorite	grew	know	lyrics	mom	songs	still	these	up	with
14	beautiful	cousin	family	favorite	from	hear	know	learn	old	our	was	when	yrs
ever	existed	has	magnificent	most	one	voices
all	appeals	are	artists	by	classic	found	generations	just	modern	out	some	songs	sung	these	today	were
could	like	make	more	songs	they	today	wish
forget	me	never	no	on	out	record	walked	was	when	wife	will
any	both	cloudy	freedom	from	loved	ones	presence
appear	ever	forever	mankind	one	ones	songs	stay	those
age	always	called	describes	for	golden	loved	many	old	so	us	years
2019	classic	ever	happened	listening	romance	romantic	what
am	even	genre	have	listening	meaning	music	not	nowadays	still	teen	with
arms	cause	day	hold	loving	make	me	no	painful	so	till	ve
beautiful	from	get	grew	listening	most	never	number	one	soulful	tired	up	voices	world
be	cloud	computing	great	lost	mans	never	songs	thanks	time	will
amazing	classic	for	thank	truly	uploading	voice
again	break	don	everyday	if	not	sleep	try	up	wake	want
class	eurovision	for	have	he	its	just	re	recorded	should
at	can	days	looking	lyrics	old	power	sing	without
all	bless	care	family	god	good	got	he	lovely	sing	singer	take	them	too	wife	your
irreplaceable	music	untouchable	very
but	don	else	good	guys	just	know	like	off	please	profiting	someone	songs	talent	video
about	as	be	best	but	can	cruel	ended	ever	he	ironic	life	made	punishment	reckon	sing	singer	so	up	wish	with	worlds	worst
as	its	lonely	man	not	without
are	beauty	broken	can	heart	only	real	those	understand	who
again	all	anymore	appreciate	are	between	clip	days	don	each	every	everyone	far	feedback	few	has	have	hi	just	left	like	make	memories	messages	one	read	thanks	them	these	they	watched
class	crafted	massively	musicians	perfectly	performed	pop	real	underrated
big	can	catchy	harmonies	hear	hum	intro	lovely	once	pop	proper	record	sing	tune
great	guy	happy	he	sings	so	tune	when
70s	best	class	come	ever	one	out	pop	songs	such	written
2019	30th	feel	happy	january	listening	make	me
1st	am	any	classics	clubs	europe	for	germany	hey	honeymoon	in2	message	on	our	play	scan	thanks	these	time	tips	weeks
comments	editing	for	like	make	posting	thanks	these	video	watching	worthwhile
almost	an	ignore	impossible	intoxicating	intro	naturally	so
adele	can	eat	etc	good	harmonies	heart	lyrics	out	sing	singers	your
be	classic	dance	hits	millions	really	should	soul	up
an	classic	ever	intro	masterpiece	match	never	will
1st	21yr	accurate	daughters	describing	elle	especially	every	for	grace	heard	her	just	lyrics	may	name	old	one	she	single	so	time	tune	written
always	as	follow	great	harmonies	have	just	little	made	maker	number	one	trust	uk	up	will
any	be	better	intro	nice	orchestration	ruins	singing	tune	without	would
beautiful	compose	could	guys	most	music	those
don	if	like	something	there	with	wrong
appreciated	carolinas	only	really
by	dying	eh	heart	slowly	words
are	beautiful	for	her	too	vocals	words
consolation	early	far	find	hope	katharina	learn	loss	some	sorry	sweet	too	your
50	60	80	can	for	hear	heaven	her	loved	proper	ruby	singers	so	still	thank	we	youtube
beautiful	been	have	hit	should	usa
beautiful	but	for	people	retarded	version
all	greatest	lady	one	singer	teresa	time	was
been	brewer	evening	fantastic	have	hill	lovely	mockingbird	nice	on	spend	talented	with	woman	would
50	alongs	are	be	beautiful	bird	brewer	covers	dinah	early	ford	hill	hits	instead	interpretation	into	late	les	like	lullaby	mary	missed	original	page	patti	paul	sad	sang	she	shore	sing	sixties	sleepy	some	something	still	teresa	today	up	using	wake	was	were	will	wrong
be	called	great	hill	if	mockingbird	place	there	was	would
america	anymore	found	icon	not	one	rip	singers
all	another	her	loved	recordings	songs	thank	wonderful
favorite	has	her	lady	listening	lovely	mind	peace	voice
cheezoid	complex	glad	have	likes	lol	me	music	not	now	one	only	something	superiority	think	used	was	who	with	wrong
again	have	like	miss	no	one	teresa	voice	will
be	book	can	dynamite	little	miss	oldies	or	replaced	singers	topped
gentle	loping	nice	sweetest	teresa	version	was	what
could	do	docambra	don	give	if	just	notice	on	only	permission	remain	they	way	were	won	wouldn	youtube
earth	ever	get	heaven	ll	on	we
almost	are	billy	earth	handsome	its	like	much	no	on	one	out	sings	so	too	unbelievably	world
any	billy	by	come	copy	eckstine	gras	has	mardi	one
sarah	so	their	unique	vaughan	voices	were	with
always	beautiful	his	loved	voice	what
76	beautiful	don	get	gives	goosebumps	handsome	he	lovely	man	me	much	out	play	re	so	such	them	when	world
close	eyes	follow	just	listen	perfect	your
1954	another	as	billy	but	by	called	classic	eckstine	for	from	him	hit	no	one	single	timeless	top	was
could	handsome	have	he	heavenly	looks	man	met	was	wish
another	be	do	exquisite	for	have	he	him	justice	like	mans	never	no	posting	remarkable	thank	there	unique	voice	was	will	words	would
for	great	posting	thank	voice	what	wonderful
any	by	from	great	male	one	recordings	sinatraphile	singer	truly
beautiful	billy	ever	fabulous	most	singer	underrated	voice	what
1930	1970	any	from	history	knew	lived	magic	most	music	one	time	who
any	beautiful	exquisite	know	mandolin	on	one	piece	played	who
anybody	better	ever	guy	than	there	was
be	but	him	his	like	no	one	renamed	rendition	should	voice	what	wonderful	wow
blood	carlos	flesh	movie	played	thompson	tune	with	wonderful
difference	hearing	keep	music	noisy	romantic	true	tunes	we	what	with
11	17	18	baby	days	girl	granddaughter	nine	today
at	end	head	makes	musical	slap	what
all	be	became	before	crap	day	enough	everywhere	have	listen	long	on	played	radio	respectable	rock	roll	used	we
as	be	good	music	naughty	pop	should
an	did	environmental	file	had	impact	she	statement	town	whirl
12	am	its	only	scary	with
everyone	hear	like	lot	should
ads	am	belong	by	came	care	do	don	donald	epic	from	greeted	group	here	hillary	if	listen	message	not	or	pissed	political	they	trump	when
away	breath	exercise	have	just	literally	needs	says	son	takes	when	who	your
adult	adults	back	be	beautiful	beings	bringing	brought	children	consider	future	given	hands	human	incredibly	instead	into	lies	names	new	playthings	scary	stupid	they	think	were	what	when	whose	world
always	baby	me	parents	told	was
all	an	baby	days	door	exactly	favorite	guy	has	him	listen	new	next	nine	old	time	told
can	cell	download	on	put	where
back	day	from	great	insinuations	just	lyric	music	no	real
50	boo	from	go	music	pop	pure	rock	roll	white
believe	can	dislike	for	great	new	one	still	there	was	when
connotations	could	days	different	have	lady	lane	naughty	shady	these	very	well
all	almost	couple	did	favorite	first	from	have	heard	her	lady	loved	lovely	met	music	often	play	rip	ruby	she	singer	still	such	time	times	voice
15	17	about	accident	best	bike	came	died	friend	from	he	his	jimmy	name	out	scary	she	story	very	was	when	year
always	beautiful	friend	goodbye	jimmy	sing	such	tell	when
because	channel	found	guessing	had	jerry	just	posted	said	songs	vale	was
ago	commented	didn	figured	first	have	jerry	know	like	long	on	seems	time	vale	was	where	would	yes
dance	daughter	go	he	her	living	loves	old	room	says	she	sing	sway	swing	we	weak	when	year
at	by	get	highest	leave	me	music	on	startled	up	volume
after	apart	arte	beautiful	because	being	called	couple	el	en	fantastic	heaven	her	here	met	show	so	ti	us	used	work	writer	years
16	anyone	can	him	legendary	like	me	music	na	name	old	please	singers	some	type
did	english	first	go	he	heard	later	learn	lyrics	only	said	say	sway	thought	time	we	weak	when
an	chocolate	cigar	coffee	cuban	disturbing	draw	faster	imagination	just	life	need	old	partner	without	world
all	are	at	better	cases	few	language	lyrics	new	not	one	original	than	translation	where
always	be	best	ever	for	have	he	more	only	singer	tech	us	we	will	with
am	are	bit	dancing	dean	down	favorite	feel	headphones	on	or	pretend	put	sad	we	what	when
many	new	out	so	versions	was	what	year
beautiful	before	by	do	father	its	know	lately	listened	loved	not	sang	so	sometimes	was	which	who
buble	but	dean	like	martin	michael	one	original	prefer	really	spanish	version	voice
bottle	can	carnations	champaign	come	have	heard	some	voice
at	curtis	discovering	he	just	least	now	photo	pleasant	resembles	thanks	tony	voice	youtube
as	backing	being	dickie	didn	good	great	his	looking	music	need	one	singer	singers	so	such	true	valentine	voice	was	well	who
me	new	performance	terrific
1958	big	charismatic	couple	crown	door	frankie	gilmorton	green	had	hits	hotel	local	original	sang	strength	tower	uk	vaughan	very
1952	1957	1958	called	certain	comment	dickie	elvis	find	for	frankie	from	further	guy	international	male	mr	nme	now	poll	presley	previous	running	slot	some	taking	top	uk	valentine	vaughan	vocalist	vocalists	voted	was	with	years
best	billy	but	flowed	for	fury	isn	just	like	me	right	though	totally	unacceptable	version	voice	way
billy	did	fury	know	not	predating	there	version	was
1955	about	april	but	charts	listed	march	not	on	popular	uk	us	very
channel	congratulation	discover	for	france	great	hello	its	much	on	pleasure	sharing	sincerely	so	thank	video	your
ancient	break	enjoy	heart	how	like	music	never	now	regret	songs	these	will
mans	not	stops	texting	when	whose	your
am	every	form	greetings	play	time
but	done	not	original	release	well
actress	anyone	can	first	from	me	tell	video	who
be	fantastic	forgot	gorgeous	hello	never	she	voice	will	woman
almost	bring	can	eyes	life	like	sad	she	tears
actor	believe	crowd	end	first	great	had	image	movie	really	tragic
covered	for	if	listen	me	mean	world	would
best	course	ever	great	have	seen	video
30s	60s	70s	74	alive	all	amazing	an	anymore	be	been	brenda	buried	but	ending	for	forever	forgotten	generation	god	happy	have	historical	know	lee	like	much	music	never	new	not	or	real	she	sironaca	songs	still	thank	these	very	was	what	would	youtube
inverted	men	not	nowadays	once	one	real	time	upon	women	world
always	listening	will
as	because	better	enjoy	even	everyday	last	treat
departs	everything	fades	when
about	emotional	feel	her	lyrics	more	much	so	voice	with
another	greatest	listen	oh	same	then	think	was
around	but	end	has	her	life	many	meaning	not	on	only	same	which	world
about	anything	are	can	done	everyone	for	forgets	great	have	help	here	hoping	know	lol	meaningful	might	no	not	outstanding	pay	person	put	repay	say	sees	selected	shots	single	time	together	wanted	was	what	who	work	your
all	brenda	could	day	great	lee	listen	not	singer	thanks	who	youtube
came	crap	felt	her	holy	just	me	next	on	right	serious
best	ever	have	on	seen	tube	video
actors	all	an	be	index	interesting	know	most	movies	see	them	those	would
how	many	people	relevant	so	wow
10m	but	change	communicate	fans	have	here	just	knowledge	lady	language	little	many	much	not	people	sironaca	so	thank	there	voices	way	we	without	wonderful
all	an	are	effect	enough	funny	had	has	hear	including	on	relationships	such	those	who
all	best	over	world
go	have	magic	only	sway	technique	we	weak	when
bless	dean	god	he	how	martin	may	much	so	soul	wonderful	your
at	dance	down	failing	fight	for	headphones	listening	platform	train	trying	up	urge	waiting	walk	xd
could	gold	man	only	pure	sing	who
bs	can	democrat	everytime	hear	sound	spewing	starts	violins
about	because	darkness	different	flower	guess	how	interpret	light	me	people	rising	sun	talk	things	words
always	child	especially	fantastic	from	had	her	loved	she	songs	such	voice	young
60s	70s	attraction	beauty	best	faces	full	music	natural
am	appreciate	ever	good	green	have	listener	much	on	sings	these	very	youtube
045	about	artist	at	birds	but	by	clip	do	don	get	great	has	mean	movie	no	people	she	showing	singing	sings	snow	stars	storm	sung	then	there	two	what	with
been	during	hanged	have	how	lived	lol	mind	never	probably	racism	remember	so	sometime	then	time	wish	would
big	can	every	girl	great	little	single	understand	voice	with	word
beautiful	heartbreak	makes	pain	sound	suckers
always	beautiful	do	from	handsome	look	more	much	past	people	present	so	why
beautiful	romantic	sad
at	better	but	davis	difference	feeling	for	good	her	least	like	made	makes	me	more	one	original	puts	seeing	she	skeeter	than	too	version	way	what
are	beautiful	days	intelligent	later	more	nicer	pretty	women
best	ever	have	heard	version	wonderful
all	cherish	every	have	moment	reason	should	we
beautiful	for	many	on	screen	silver	stars	thanks
again	although	beautiful	bogged	breaks	down	everything	feels	good	hear	if	like	live	one	recover	relationship	sad	says	some	takes	things	time	true	up	version	very	when	young
actors	brilliant	compilation	compliments	for	genius	greatest	hard	her	pure	screen	silver	sironaca	work
able	add	addition	age	alan	all	barrymore	be	being	but	by	can	clift	could	credit	dean	didn	do	extra	few	for	ford	from	get	glen	golden	great	half	hollywood	if	james	john	ladd	list	me	men	movie	name	nice	offhand	over	past	picture	re	running	shown	someone	sophia	spencer	stars	stills	stumped	though	tracy	veronica	video	was	wayne	well	without	women	wonderful	would
if	let	me	would
ability	are	at	express	has	life	meaning	most	music	people	point	some	their	things	think	unable	understand	we	would
also	belief	first	god	life	music	nothing	reflects	without
advance	anyone	comment	corresponding	does	know	movies	pictures	please	tag	thank	time	with
1963	27	cause	feel	how	incredible	kind	like	living	makes	me	missing	never	out	released	saying	time	ve	was
always	are	from	not	planet	thought
abandant	are	blessing	divine	eternal	for	grace	hard	our	promise	receive	recognition	reward	see	selves	so	through	waiting	we	welbeing	welfare	why	work	working
always	anything	could	doing	great	she	sing	sounded
automatically	bethesda	did	fallout	gaming	know	not	personally	playing	singing	started	thanks	until	with
as	for	goodnight	listened	much	so	songs	thank	thankfully
gold	me	recommended	some	youtube
actress	an	anyone	background	cigarette	clip	does	glass	hand	his	holds	know	man	name	one	over	photo	she	with
am	anything	be	broken	but	can	hearts	help	hurting	like	sorry	time	will
best	brenda	collection	dopamine	hit	however	lee	little	music	otherwise	out	outstanding	place	real	seems	singers	world
be	if	names	nice	people	photos	posted	recognized	some	think	video	was	would
all	am	assured	but	can	forgotten	hear	list	loved	not	one	rest	restore	she	so	sorry	who	your
always	be	great	here	real	really	slides	some	stars	these	too	were	will
beautiful	go	great	iconic	images	job	just	most	movies	perfect	seen	sironaca	so	special	these	they	ve	video	why	with
always	emotion	full	great	loving	person	singer	true	yes
150	at	blame	boring	cookie	crop	cutter	don	duration	emotion	entire	for	fry	get	how	many	over	re	sing	singers	singing	so	teachers	they	use	vocal	with	young
at	came	could	experienced	have	out	really	time	wish
actresses	beautiful	but	by	did	distinguish	gone	look	me	more	not	years
about	actress	anyone	can	close	dark	does	face	featured	haired	half	her	know	on	one	see	thank	through	up	video	way	when	youtube
all	an	angel	anyone	by	dynamite	god	great	had	has	just	little	me	men	miss	music	no	one	peace	second	sent	she	some	us	voice	voices	women
could	emotion	great	interpretation	lot	really	sing	with	woman	wow
angel	dreaming	human	me	one	slap	some	up	wake
expressions	face	fits	for	new	nice	pictures	put	story	tell	their	those	very	video	whole	with
around	chen	end	genuinely	listening	never	peter	sung	touching	when	will	world
be	beautiful	briefly	can	feeling	from	glad	heart	her	joy	just	leave	left	life	shared	she	us	voice	was	we	with
beautiful	for	like	much	so	thank	these
absolutely	come	gut	her	hit	like	lot	quite	sang	she	sorry	unusual	ve	version	very	voice	which	wrenching
are	arrangement	distraction	great	huge	images	jumping	poor
all	best	brilliant	but	changes	even	everyone	feel	good	happen	happened	heart	its	lost	makes	really	sad	still	things	thinking	will	wish
before	ever	had	hear	so	such	touching	wonderful	words
full	give	melancholy	songs	sorrow	these	use	what
as	come	devastated	does	feels	if	not	one	really	so	stops	time	times	when	world	yet
as	believe	can	could	dynamite	few	her	little	modern	perform	she	singer	superb	today	very	was
beautiful	couples	heavenly	legends	many	overlapped	screen	so	with
again	hear	kind	melody	never	performance	unbelievable	will
all	always	anymore	at	barely	brenda	but	by	don	every	favorites	fifteen	goodness	heartstrings	herself	hit	home	just	lee	list	lyrics	make	one	or	reality	sang	set	she	singer	songs	still	sure	them	these	they	think	time	torch	understood	were	will	younger
all	always	am	are	asking	beautiful	bless	dear	friends	god	offering	our	protect	wherever
absolutely	amazing	an	beautiful	brings	eyes	her	makes	me	see	songs	story	tears	voice	what
apart	been	if	know	listen	ll	lyrics	many	meaningful	movie	people	powerful	really	so	soundtracks	understand	why
are	compared	garbage	lot	music	singers	todays	total
affair	are	by	ends	him	moment	separated	when	yes
about	am	between	fantastic	frames	most	music	not	off	putting	so	strange	sure	transition	very	video
50	brenda	emotion	feeling	for	full	great	have	heard	heaven	her	lady	like	listening	more	never	real	she	singer	sounds	than	tire	voice	we	years
37	amazing	an	at	by	emotional	ever	goddard	much	paulette	so	thank	video	way	what
brilliant	choir	classic	ear	left	lovely	middle	million	perfect	piano	right	stereo	strings	such	thank	version	voice
against	as	battle	ensues	glorious	gun	his	last	makes	stand	tyranny	vigilante
actress	an	fantastic	have	heard	never	she	voice	was	woman
better	but	flows	like	opinion	original
almost	better	classy	describe	every	horny	nowadays	rebellious	romantic	still	story	than	which
called	dynamite	her	lil	miss	one	only	shes	they	why
brenda	brings	by	davis	does	emotion	great	job	on	originally	same	skeeter	sung
cant	greats	have	like	more	one	she	today	was	we	why
53	anyone	at	certainly	does	film	fits	know	singer	star	superb	well	who	with
almost	be	best	every	female	her	rock	roll	version	vocal	will
40	anybody	at	can	cute	recognize	unforgettable	very	woman
amazing	an	at	child	comfortable	command	concert	deliver	ease	effortlessly	flat	from	had	her	presence	prodigy	seemed	she	signature	special	vibrato	vocalist	voice	was
again	an	are	baby	boomer	but	come	don	doubt	era	ever	experience	have	like	lovely	lyrics	not	ones	post	really	sadly	same	seem	shame	songs	there	they	time	today	war	will	yes	young
add	best	black	by	coupled	days	easily	effect	enhance	from	gone	her	hey	long	lovely	magic	pace	photographs	plaintive	sadder	slower	sparkle	too	version	voice	white	with
all	audio	but	can	create	did	do	don	great	how	know	say	thank	video	what	with	wonderful
books	english	from	if	know	learn	messages
but	either	good	grandpa	great	me	not	send	wow
commercial	good	heard	hilarious	never	samsung	somehow	until	which
be	but	can	get	happy	how	just	listen	listening	makes	me	more	much	music	older	out	retarded	sound	turn	wonder
as	can	glory	he	his	how	jeans	man	morning	on	put	soon	up	wakes
as	funny	gets	how	jackson	legend	michael	on	played	radio	regarded	still	though
about	all	also	back	behind	but	co	crap	crowd	day	did	get	great	he	him	himself	history	how	knew	know	look	made	on	plus	rest	sadly	sell	some	stage	tunes	we	which	wrote
all	are	cds	days	dustbin	gary	glitter	great	into	not	over	people	probably	so	their	these	throwing	world
be	don	gang	leader	lol	much	thank	very	want	your
about	an	are	everybody	excuse	got	honest	just	liking	music	nonce	re	rest	they	us	when
always	care	don	done	has	he	music	remains	same	what	will
are	can	committed	crime	discussing	enjoy	music	not	people	sick	who	without
for	funky	gen	god	instruments	more	music	parents	thank	used	was	wish	wow
all	any	as	being	but	cool	do	don	exceptions	few	find	frankly	good	has	like	made	meaningful	music	nice	nicely	not	nowadays	one	performed	rhythm	seventies	significance	signified	something	sort	those	times	tunes	what	with
best	black	brothers	community	could	did	group	how	just	life	like	living	man	many	moving	people	perform	shows	sing	stay	swoon	talent	tavares	your
amazingly	beautiful	classic	from	gorgeous	heard	music	thank	titans
certain	every	from	hear	scene	supernatural	think	time
all	can	car	fire	from	listening	now	see	star	titans	up	waking
am	from	heard	india	kind	series	songs	titans
can	fade	like	out	taking	then
around	good	here	me	mom	music	playing	real	right	sharing	thanks
be	best	ever	got	has	heard	structured	ve
are	curious	how	know	living	many	members	now	original	still	tavares
bought	happy	here	me	supernatural	yeah
all	angel	around	creation	for	foundation	know	moral	our	principle	reason	us	values	we	wings
best	dance	dancing	disco	era	for
after	an	angel	arm	around	at	be	beautiful	beegees	beethoven	boat	couples	cruise	dancing	disco	elaborate	even	fever	fifth	fires	gorgeous	happy	have	heaven	imagination	instrumental	kissing	like	lot	missing	most	must	night	on	one	only	or	out	princess	romantic	saturday	say	sea	see	ship	shoulder	so	though	up	version	walking	would
all	cannot	get	good	great	handsome	how	look	over	sound	stil	still	they	were
age	classic	for	golden	listening	music	pleasure	priceless	real
band	college	drum	excellent	have	heard	horns	line	percussion	perform	show	what
18	am	but	can	days	die	for	here	honestly	kind	listen	lol	masterpiece	never	why	will
gold	like	matter	music	no	remain	timeless	what	will
comment	eyes	future	here	leave	ll	see	tears	with
are	crying	eyes	her	killing	lyrics	me	tears	voice
always	beautiful	earth	heaven	on	out	shine	shined	sing	ya
2019	better	born	much	others	so	songs	than	time	today	was	wish
falling	listen	much	rain	too	when
awakened	dream	good	heard	just	me	played	scared	so	vivid	was	way
can	cry	hold	legends	makes	me	myself	these
10	about	at	came	just	know	least	nice	played	so	times
better	carpenters	classic	even	get	gets	listen	never	old	perfect	privilege	representation	songs	their	time
bag	beaten	beautiful	being	birds	can	cat	like	more	morning	natural	on	paper	pure	singers	singing	sounds	spring	talent	today	too	type	unlike	up	voice	wake	what	whose	with
expensive	her	iconized	something	voice
20	am	are	better	born	browsing	but	father	found	from	heard	old	songs	teenager	than	while	year
as	beautiful	controls	each	how	note	notes	quality	she	should	sound	unimaginable	voice
all	amazing	at	be	beautiful	born	music	those	time	was	wish	with	would	year
as	blocks	box	comments	could	hey	move	out	please	sort	texting	thank	way	youtube
but	can	clear	english	every	hear	her	karen	mother	music	not	nowadays	pronunciation	rare	sings	so	tongue	understand	very	voice	when	which	word
breaking	can	cry	get	he	heart	her	make	me	part	really	they	when	where
bit	cry	hell	little	makes	me	mean	not	really	sad	surely	why
abroad	am	appreciate	at	could	english	find	first	happy	looking	lyric	really	so	spend	studying	time	understand	without
bless	comment	day	family	god	have	may	read	those	who	wonderful	your
15	am	at	been	crying	damn	do	feel	girl	have	just	kinds	know	life	like	likes	not	old	reincarnated	songs	these	was	who	why
60s	backing	beautiful	born	don	enjoy	know	oh	old	so	sometimes	songs	these	those	vocals	was	why	wish
butter	cant	describe	honey	over	running	still	voice
calmness	comes	every	feeling	get	happiness	hear	on	smile	their	time
about	an	as	auto	back	but	era	form	funny	generations	grandparents	have	introduction	its	lest	listened	listeners	look	many	music	on	parents	sad	say	so	songs	their	them	they	think	today	true	truer	tuned	what	will	youth
because	choir	for	glad	have	head	learn	lol	stuck
close	different	eyes	heart	like	only	still	with	yesterday
loved	ones	only	remains	world
but	daughter	good	has	her	likes	listen	make	sad	she	so	think	voice
all	art	artists	brilliant	develop	for	given	have	millions	over	people	piece	pleasure	time	vocal	what	who	world
beautiful	clear	colorful	die	from	karen	nice	so	still	unique	voice	with	world	young
be	goes	life	memory	on	still	will
about	all	became	cause	crush	day	favourite	for	friends	go	heard	him	his	home	knowing	name	out	repeat	search	so	talking	thanks	today	with	without
all	always	am	be	been	before	biggest	by	carpenter	effortless	far	favorite	go	had	her	inspiration	karen	music	on	own	performing	practice	pure	recordings	singer	singing	so	time	use	what	will
after	born	but	clearly	creation	credit	documentary	even	for	geniuses	gift	given	he	her	him	iconic	learned	much	not	one	responsible	singing	style	success	their	these	two	was	watching	were	with
down	ever	female	greatest	hands	have	heard	voice
all	days	music	nonsense	not	now	timeless	what
but	cruel	darkness	life	never	short	surrender	will	world
70s	amazing	bad	best	billboard	brown	ever	kept	leroy	out	pop	possibly	pretty	rock	slot	stupid	think	we	were	written
30	32	another	as	at	believe	best	but	can	combination	credit	depressing	deserved	duo	emotion	emotions	ever	feeling	female	for	go	got	guess	he	hits	if	imagine	into	know	many	much	music	musicians	never	out	passed	people	personally	probably	put	really	relate	richard	said	sang	she	so	some	songs	their	there	those	through	times	truth	very	voice	well	what	when	with	years
all	day	its	listen	makes	really	time	too	wonderful
artist	break	can	forever	kind	live	music	no	today	will
an	attention	be	beautiful	been	bring	disease	disorder	eating	even	foundation	had	have	her	if	its	life	lost	name	needs	no	not	passed	prevalent	question	she	should	singer	so	society	soon	such	superstars	there	these	today	too	tragedy	two	way	with	would
but	course	drum	famous	god	her	oh	on	singing	splendid	track	work	world
any	appreciated	be	can	did	first	game	listen	may	movie	or	recall	reference	where	would
anyone	got	me	more	please	share	similar	songs	with
already	by	dare	don	even	into	just	listening	music	tears	video	watching
an	friend	good	like	mean	old	really	she	sounds
all	at	before	better	car	door	drive	hang	movie	movies	music	on	play	sounds	speaker	than	their	they	we	window	would
asleep	crying	fell	little	play	she	sister	started
be	beautiful	brings	ever	hear	her	how	if	ironic	lovely	me	most	must	not	one	she	sing	such	tears	voice	voices	when
2019	always	anyway	likes	listens	mom	much	she	sings	still	very	who
always	amazing	an	attention	beating	bless	clean	crap	draw	garbage	god	have	karen	like	live	on	others	resort	she	such	themselves	voice	who	will	without	world
ages	can	describe	emotion	feeling	for	more	no	one	perfection	smooth	voice	with
beautiful	could	have	how	if	just	seen	she	was
beautiful	can	eyes	few	had	her	me	others	she	tears	touches	typing	voice	way	with
about	detailed	evergreen	everything	good	how	moving	musics	quick	rip	so	world
1969	1973	album	always	anyone	as	beautiful	bought	but	can	dad	don	early	far	go	had	her	lot	loved	mother	really	she	single	singles	such	their	then	think	touch	vocals	voice
am	an	are	darn	eyes	here	listening	now	onions	put	running	these	who
backs	for	future	good	have	hope	look	many	memories	more	service	thank	your
admit	but	days	generation	grew	have	like	ll	more	part	songs	than	these	up	wasn	with
all	beautiful	did	have	her	however	music	out	put	she	soul	they	very	wish	would
because	grandparents	hanging	kind	out	parents	songs	why	with
alone	better	happened	her	hip	hop	music	our	put	rap	than	today	together	voice	what
any	can	cover	feedback	give	hope	made	me	much	on	so	thank
bankrupt	brother	did	he	her	hope	lived	not	off	problem	see	voice
1st	70	after	am	background	chorus	comma	half	just	melody	name	noticed	one	only	piano	riff	says	she	shines	sings	still	what	who
all	disliked	don	for	have	music	people	taste	who
be	classic	forever	heart	people	truly	will
be	has	hear	her	imitated	its	know	never	once	resonance	she	totally	unique	voice
for	gave	great	lyrics	some	songs	speak	team	themselves	they	us	were	wonderful
beautiful	can	clear	crystal	else	her	melancholy	no	one	recreate	remarkable	voice
casper	change	for	hear	heard	her	just	key	made	recorded	ride	they	those	ticket	what
best	dear	friend	nice	so	weekend	wishes	wonderful
anyone	at	laugh	liking	makes	me	not	thought
always	artist	beautifully	best	can	fantastic	female	find	lyrics	match	written
absolutely	all	an	devastating	down	her	loss	sends	shivers	singing	spine	still	us
affluence	disturbing	era	good	heart	just	made	masterpiece	more	now	richness	state	than	things	valued	was	when	world
about	always	at	be	come	day	do	don	excited	good	had	have	know	knows	me	night	same	say	so	thing	thought	want	what	why	work
ever	industry	loss	most	music	one	tragic	unique	voices
beautiful	bloody	drums	era	fantastic	heartfelt	her	lost	only	play	pretty	problem	recluse	sadly	say	she	soulful	unheard	voice	wanted	was	who
about	how	know	realized	singing	something	think
age	birth	death	old	perception	sorrow	suffering
almost	apologize	came	charge	completely	discharged	got	here	only	phone	preserve	thank
000	100	are	around	bankrupt	barbados	be	becomes	being	billion	billions	business	but	carlos	comes	company	concern	concerns	could	director	dollar	fall	friend	further	get	go	goes	hinds	holders	invest	king	lawyers	managing	not	nothing	peter	share	suicide	than	those	what	why	will	zulus
age	at	be	god	great	height	her	left	prime	sad	singer	so	such	talented	us	with	young
anymore	beautiful	don	like	make	singers	they	timeless	truly	voice	wonder
another	behind	clear	damn	effortless	ended	enjoy	good	her	karen	left	listening	lot	music	one	rip	sad	seemed	she	sing	so	soon	taken	too	voice	was	way	woman
able	all	arranged	been	brother	but	by	crafted	credit	do	enough	gets	has	he	her	not	quieted	repackage	richard	shame	so	songs	soon	their	think	too	voice	was	were	what	wonderfully
amazing	an	beautiful	before	but	sad	soul	still	time	touches	was	what
anymore	as	bad	childhood	good	music	no	such	there	thing	too	very
400	beautiful	bought	btw	carefully	curios	daughter	doll	dollars	find	for	googled	got	has	her	here	if	indeed	karachi	listened	loops	low	out	pakistan	part	preset	quality	real	rupees	singing	so	sound	those	was	where	words
close	feeling	five	happy	how	into	matter	no	seconds	tears
body	every	her	melodious	no	she	sings	sweeter	than	voice	with
act	allergies	beautiful	died	everytime	eyes	hear	lose	man	she	start	such	up	voice	watering	what	when
asking	blacklane	bolt	boot	car	class	even	for	fresh	into	long	make	me	off	on	pie	sense	shove	sing	steamer	thank	well
america	another	comment	its	nam	not	on	play	played	radio	sad	saw	still	they	video	viet
am	being	better	but	can	could	couldn	depressed	done	everything	fixed	from	got	have	help	just	know	listen	more	nothing	sad	sadder	undo	wished	yourself
30	awakening	by	chopin	cried	ending	for	kate	last	listening	minutes	reading	sad	straight	while
good	latina	mixed	or	pretty	race	she	singer	so	very
90s	child	house	incredible	just	like	she	sounds	too	track	wow
accent	although	come	dc	girl	has	lol	moan	she	southern	think	was
2019	disco	don	even	fresh	hear	house	often	on	shows	sounds	timeless
14	as	back	bell	but	concerning	end	fashionable	good	guess	hair	her	just	only	same	shape	she	then	times	was	wow
as	black	either	fantastic	first	girl	has	heard	mixed	race	she	singing	thought	voice	was	way	when
1980	1981	90s	always	attempts	been	but	by	dead	declined	disco	for	from	has	july	lived	only	rapidly	revival	sad	short	there	totally	very	was	why
as	but	especially	feel	feeling	happier	itsliverpool	liverpool	low	making	me	much	track	tune
age	at	doing	done	dream	for	gifted	lot	nice	now	only	people	she	such	tender	voice	well	what	where	wonder	young
25	age	all	anyone	are	been	before	business	but	could	couldn	dance	do	had	hair	have	heart	her	just	know	million	never	no	oh	other	people	popular	presence	retired	seen	she	show	showed	stage	there	they	things	think	was	wasn	who	why	wish	with
adorable	also	beyond	complexity	her	nuance	there	voice	years	yet
after	also	are	band	because	being	but	did	don	due	enough	full	fully	got	great	have	hits	knew	know	lived	long	made	many	maybe	never	not	or	people	popular	problem	rated	really	say	see	stay	their	these	they	time	together	underappreciated	underrated	understand	was	we	were	with	years	yes
another	beautiful	beauty	been	black	blow	call	channel	day	didn	english	few	good	great	have	his	into	laugh	longer	more	never	nice	playing	real	songs	staves	super	their	they	thing	though	tire	tony	were	what	windy	wish	wold	would
about	another	as	be	beatles	but	cares	clearly	conversation	could	harmonies	history	hollies	level	match	no	one	part	regard	same	took	vocal	with
about	ahead	are	around	end	ever	go	guys	harbor	have	he	heard	hey	horn	how	if	instinctively	into	kinds	laugh	looking	looks	noticed	often	ships	these	things	think	towards	turns	was	wondered	yes
at	band	being	clapping	crazy	everyone	fantasize	going	guys	if	laugh	me	playing	told	would
1966	67	always	anybody	been	before	beginning	both	but	came	can	ears	else	familiar	first	following	for	have	heard	hearing	hey	hollies	if	just	know	melody	memories	might	more	one	other	parallel	see	seems	songs	they	think	ve	versa	vice	when	where	whispering	who	with	wondering	wrote
any	attention	before	but	course	good	heard	never	paid	really	ve
150	1930s	actually	attack	but	come	could	from	future	good	he	herbert	his	hitler	next	not	novels	predict	predicting	predictions	pretty	series	shape	so	soviet	start	things	tried	union	was	wells	went	where	would	wrong	wrote	wwii	years
about	at	band	commented	gas	great	heard	kid	never	register	sad	she	so	station	stopped	store	system	them	tune	very	was	what	yesterday
bad	band	camera	deserved	did	dominates	equal	especially	face	instruments	lead	members	not	other	played	recognition	since	singer	they	too	video
14	agree	are	british	can	good	grew	if	invasion	like	matter	me	music	no	or	person	some	up	we	who	with
all	anyone	be	brilliant	come	compare	cooler	from	future	guys	may	music	now	out	soldiers	than	there	these	tomorrow	was	we	were	without
already	are	biography	crossed	fans	few	has	like	making	mind	not	one	only	or	sure	tell	themselves	there	think	time	two	will	write
afraid	answer	as	be	but	can	expert	give	guitarist	here	like	looks	may	not	right	straight
80s	always	anybody	as	beatles	but	can	else	elvis	getting	great	have	here	influential	into	ironically	just	likes	listening	many	old	once	really	saw	so	sounding	started	stop	them	they	thing	too	tunes	type
actually	admit	away	been	before	blown	by	embarrassed	first	have	his	how	listened	long	really	singing	time	took
audience	by	checked	could	doc	doesn	dream	every	get	girl	he	heart	how	hypnotizes	if	make	might	need	puts	race	seen	single	state	then	wish	your
after	all	anyone	apparently	at	back	be	birth	died	dude	end	go	gospel	him	his	jesse	late	named	resemblence	seen	singer	so	striking	tomorrow	true	twin	was	we	will
be	best	elders	gives	headache	honest	just	nowadays	old	songs	were
about	agree	be	because	can	crap	elvis	gang	garbage	go	gonna	gucci	here	if	king	know	let	like	magnificent	me	music	new	no	not	or	people	person	please	replace	right	rolex	rude	seriously	sounds	think	today	wait	what
at	beach	dance	dream	get	hawaii	listen	partner	such	wanna	when	with
4th	best	did	know	selling	single	worldwide
about	always	because	born	circle	comment	dont	generation	jerk	kids	like	listen	listening	music	old	on	ones	only	re	section	smart	they	thing	think	wrong	youtube
20th	are	artists	century	come	do	for	guys	listening	mail	medal	most	one	recognizable	special	sure	want	when	wow	your
better	carefully	for	god	if	kind	listen	music	now	story	tells	than	thank	way
best	brought	ever	glad	guy	he	hearts	king	lived	lives	music	on	our	so	still	up	was
but	charming	from	more	mother	much	must	original	say	so	speak	than	think	tongue	version
17	40s	50s	60s	age	all	alternative	as	at	basic	been	bold	come	compared	conclusion	currently	existent	experience	explicit	for	fossils	from	group	has	have	here	historic	however	illicit	isn	listen	modern	more	much	music	never	non	or	others	past	people	points	pretty	profane	realise	some	taste	they	what
2019	2040	80s	am	another	as	evoke	evolution	just	music	response	similar	still	sure	was	will	year
beautiful	creation	evergreen	for	melodious	much	music	romantic	so	sweet	thank	very	wonderful
don	get	good	how	just	lyrics	many	matter	no	repeated	same	so	times	tired
all	anymore	are	at	be	behind	being	broke	but	came	can	crazy	decide	dizzy	don	everytime	excitement	exciting	fear	got	have	heart	here	if	look	made	me	more	night	person	running	see	seen	star	stop	there	up	ve	what	when	with	yes
almost	change	feeling	for	gonna	got	have	if	months	nothings	read	remember	strong	were	will	wuv
15	1998	22	are	boyfriend	day	first	for	he	him	husband	last	loved	old	send	since	together	valentine	was	we	years
aren	bullshit	for	from	give	heart	just	life	materialistic	now	songs	their	they	today	true	what	where	will	with	written	wrong
all	down	gave	know	most	one	person	really	romantic	songs	thumbs	time	want	what	who	with	wrong
1988	about	anymore	appreciated	as	backup	be	because	but	change	don	era	especially	ever	fool	for	going	great	have	having	her	if	incase	just	may	might	not	nothing	otherwise	plan	ready	sacred	still	thought	track	true	upload	very	via	without
afternoon	anyone	beach	breeze	california	cool	dress	faded	floaty	good	have	lady	late	levis	linen	on	refreshing	romantic	sand	shirt	suggestive	summer	think	walk	white
all	for	have	her	how	lady	much	say	says	true	when
do	fantastic	little	new	should	someone	version
about	are	days	gone	music	nothing	people	real	sing	they	today	when
brains	by	deserves	despecio	humans	if	light	makes	me	more	most	outbeats	something	swift	taylor	trillion	video	views	with	wonder	wrong	years
about	are	away	best	breath	certain	gave	have	he	held	him	his	hug	hugs	just	man	me	mind	omg	on	takes	thinking	tight
1987	back	been	fucking	getting	he	laid	like	looked	lot	much	must	now	shawn	so	then	ve
at	changes	crucifix	got	his	know	lets	look	man	okay	on	shirt	three	times
1980	be	certainly	focus	for	not	soft	sure	we	where	without	would
80s	about	during	especially	just	not	overplayed	perfect	so	they	weddings	were	what
banger	believe	best	matter	missing	no	real	we	what	world	year
being	call	called	deserver	evergreen	got	happiest	has	just	life	moment	not	people	priceless	thing	thousand	what
am	bad	believe	change	crying	do	feel	for	god	going	how	makes	me	not	nothing	now	so	someone	they	think
best	everytime	favorite	forever	hear	heart	no	one	question	radio	touch	when	wow
42	am	an	beautiful	been	born	era	feel	have	kids	like	lucky	make	me	music	now	nowadays	play	proud	really	so	songs	them	these	they
bad	caught	change	detention	ever	for	gonna	he	how	if	know	ll	lol	never	nothing	now	since	sings	teacher	wonder
attractive	been	boy	could	dude	feel	for	had	he	huge	like	movie	natural	not	on	pinup	romantic	screen	seemed	side	soft	star	teenage	typical	ve	was
18	about	ago	all	change	ever	feeling	for	gonna	have	its	lovely	loving	married	nothing	same	says	still	truly	wife	years
2018	add	ago	all	an	by	couple	didn	find	had	honest	idea	innocence	kid	may	no	out	seems	sung	these	until	was	weeks	years
as	been	benson	better	called	classified	emotion	feelings	george	glen	good	great	had	he	hit	if	now	one	overall	popstars	pretty	sang	so	some	still	than	these	tune	with	wonder
attention	create	heart	how	inside	listening	live	me	snatched	taught	uncle	was
although	blue	budget	ever	front	lol	lowest	music	not	probably	screen	seen	ve	video
aged	almost	but	cute	downhill	go	guess	guy	handsome	harder	he	his	like	looked	looks	middle	more	naturally	now	preserve	re	sad	should	so	still	though	typical	ve	when	wish	worked	young
ages	anymore	can	day	have	like	music	we	what	why	with	wrong
80	90	born	came	even	from	music	out	really	though	wasn	when	yet
again	be	believe	blessed	brightens	but	can	face	feel	first	god	hard	heart	him	his	its	just	like	lost	may	melts	much	never	send	so	stars	stop	sweet	thank	think	thinking	thought	thoughts	time	too	ve	very	wait	walker	wanna	way	with	world
as	be	can	complaining	first	go	good	guys	if	listen	ll	make	music	one	stop
day	kind	listening	make	music	real	up
an	as	best	chock	college	cool	curious	educator	emerge	era	for	from	full	great	hi	himself	imho	mederios	mr	now	on	one	ones	pop	prep	president	pretty	reinvent	romantic	school	songs	went
about	are	behind	better	etc	from	gonna	her	how	modern	much	music	other	songs	take	think
about	actually	all	days	great	its	looks	meant	music	something	these	videos
2017	at	but	cry	do	everytime	funny	girlfriend	great	have	hope	its	makes	me	not	sad	same	time
can	find	innocent	kind	these	video	where	with
all	beat	classic	excellent	its	just	one	romantic	time
easy	exactly	great	hear	innocent	just	right	says	simple	so	wants	what	woman
are	as	at	beautiful	country	currently	going	has	husband	just	me	meaningful	out	present	real	reduced	sent	so	tears	through	time	tough	who	words
here	like	live	not	quite	record	singing	sounds
ain	always	amen	anymore	best	for	gonna	loved	much	one	peace	performance	rest	says	scott	shine	sun	talent	thank	what
about	are	background	but	definitely	live	music	not	on	performed	sure	vocals
awesome	be	have	limitlessly	parallel	reincarnated	universe	voice	want	where
after	another	at	beginning	cause	cockamame	come	dead	door	dream	for	has	have	idea	improvement	light	loving	lucky	make	mean	move	one	our	really	rest	room	says	second	seeing	should	special	still	sure	true	tunnel	wait	way	with
as	good	group	hear	live	nice	sounds	studio	version	well
be	better	brothers	did	frankie	hear	mind	must	one	only	original	recollection	slow	than	think	thinks	too	valli	version	walker	when	who	yes
am	better	did	fast	four	horrible	much	one	only	seasons	so	thinks	too	version	who
again	apparently	came	do	hear	heard	loved	myself	need	on	out	still	supernatural	thought	when
all	am	any	anymore	for	gets	gonna	his	looking	lose	man	one	son	way	wife
arms	can	come	downy	easily	even	fore	hair	how	interesting	means	now	on	scott	see	technology	tendons	todays	veins	vintage	we	with
60	again	along	appeared	association	brothers	case	comes	didn	for	had	info	interested	jim	live	mary	on	one	original	re	realize	recording	show	singing	smothers	sophisticated	such	technology	thanks	they	tube	where	with	yester
50	60	70	appearances	artists	back	band	be	didn	do	easy	engineer	even	frequently	get	making	need	only	sound	studio	technique	they	tracks	up	used	very	weren	whenever	with
bass	but	cool	did	easy	echoed	emptiness	excellent	four	going	great	has	like	line	lose	lyric	miss	more	much	musically	no	nothing	on	one	out	piano	place	re	really	seasons	so	spectorish	start	stuff	there	what	win	with
further	guys	have	made	nice	real	should	sound	theme	these	voices
1966	20	ain	also	among	anymore	aren	at	aware	beatles	been	brothers	but	charting	club	country	did	especially	fact	fan	girls	gonna	have	high	hit	larger	lead	less	most	new	number	particularly	people	popularity	reached	said	scott	shine	successful	sun	teenage	than	their	uk	vocalist	walker	was	well	which
1965	1966	2019	as	brothers	but	by	december	do	does	frankie	he	just	justice	label	more	not	on	originally	recorded	released	single	smash	successful	valli	walker	was	when
11	19	29	day	end	great	here	keep	listening	on	powerful	time	timeless	until	we	will
beyond	eternal	had	idea	no	their	theme	they	time	was
am	away	but	else	father	got	has	here	its	just	listening	morning	passed	shine	smiling	somehow	sun	sure	thinking	track	who	will
000	50	80	about	agree	ain	all	alone	anymore	as	being	best	but	can	company	favorite	funny	garbage	gonna	good	has	have	itunes	made	marin	most	mr	music	none	one	out	put	shine	so	songs	stand	stands	sun	surname	their	there	today	trio	very	walker	wholeheartedly	with
america	american	an	as	band	britain	brothers	did	due	famous	have	history	made	may	not	righteous	than	they	walker
alike	always	an	are	artistically	because	both	brothers	confuse	deal	deserve	for	great	groups	magnificently	masterpiece	much	outstanding	probably	reason	respect	righteous	so	some	sound	sung	they	unforgettable	walker	what	with	wow
2019	28	again	aloud	apt	do	every	four	listening	listens	loving	or	second	sept	should	singing	three	trick
ever	for	gonna	great	head	one	ones	rings	shine	sun
60	ago	couple	day	era	every	fantastic	for	from	great	instruments	into	listen	lyrics	missed	music	now	one	posting	ran	somehow	thanks	video	voices	weeks
10	doomsday	ever	favorite	just	knowing	one	songs	these
clarity	depth	deteriorated	has	his	like	listen	male	music	no	sad	so	sounds	timber	today	vocalist	voice	way
definitely	even	five	for	have	like	loved	many	more	never	think	tire	today	top	years
bad	create	didn	enjoy	for	forever	greatest	history	like	master	more	musical	one	pieces	they	too	us	voices
break	crazy	drama	easy	had	meaning	not	on	real	some	songs	take	these	up	voice	what	yourself
all	be	beautiful	day	dead	forever	from	generation	get	glorious	god	listen	music	musicians	one	our	shared	up	us	wake	we	will	with
60	available	back	beautifully	classic	crafted	defining	equipment	era	given	great	haunting	many	moving	music	one	recording	so	songs	sound	them	then	there	those	was	way	were	what
about	all	artists	can	fame	generation	like	lust	new	nobody	nowadays	sing	sucks	they	today	touching	write
about	better	each	got	just	listened	million	perfect	time	times
19	60s	additional	amazing	away	blows	correct	drummer	fantastic	for	format	headphones	hearing	hidden	its	kan	magnificent	mind	much	never	off	our	player	presenting	production	ps	record	so	some	somewhere	stereo	thank	thru	try	uk	was	your
beam	best	captured	day	died	download	era	had	has	me	music	no	not	one	own	scottie	shined	since	sound	sun	their	they	up	yet
always	been	by	company	create	have	intelligible	more	orchestra	overwhelmed	record	version	vocals	wish	would
an	awful	camera	clever	clip	considered	day	despite	great	irritating	its	obscuring	performance	perhaps	singers	was	what	with	work
brilliant	but	detract	difficult	elsewhere	from	good	have	imprinted	look	mind	no	not	once	really	seen	sound	such	tight	trousers	way	wish
beautiful	feeling	great	has	hear	here	innocence	its	kinds	life	little	original	pure	songs	spirted	such	these	vocals
again	all	any	arrangement	because	better	compare	doesn	every	favorite	few	get	harmony	hear	ll	music	never	one	past	perfect	songs	super	than	those	time	today	voice	way	with
60s	ballads	brilliant	by	engel	full	given	great	masculine	melancholy	mid	one	pop	scott	throttle
before	for	going	here	keeping	out	pretty	ricky	thank	they	watch	were
am	as	bass	bottom	but	does	here	home	like	no	not	now	one	only	tell	well	whopper
80	90	back	bass	can	classics	early	era	florida	from	had	honestly	lock	many	mid	music	on	one	out	say	so	south	those	through	whole
agree	all	an	any	anything	are	as	ask	be	cookout	every	family	fits	genders	generation	greatest	hey	if	let	listen	much	no	now	one	other	out	party	play	races	same	seemed	situation	tell	thank	them	there	time	type	will	ya
beat	coincide	degrade	diss	downgrade	has	innovate	inspire	know	like	lost	made	music	na	need	not	or	purpose	sha	voice	want	were	what
all	because	but	called	felt	how	men	now	our	soft	told	try	we	when	where	why	women	your
ago	be	been	bit	but	come	could	do	email	few	great	have	if	information	intended	little	lot	months	more	next	one	only	schedule	see	solely	we	week	weeks	would
age	as	can	classic	comments	don	dumb	exactly	from	have	just	life	like	may	me	means	more	much	no	nor	other	others	say	so	than	their	there	they	tomorrow	twice	whatever	will
age	all	at	await	ball	by	can	dudes	great	had	have	he	imagine	leo	less	listen	man	many	masterpieces	more	natural	not	on	only	passed	pop	radio	songs	such	talent	tarts	them	then	today	wailing	would	written	young
amazing	enchanced	era	graphics	hd	just	music	no	not	real	really	simplistic	something	special	there	those	yet
end	happens	just	much	paint	pretty	too	up	wearing	what	when
after	all	amazing	came	cute	grandma	guy	has	here	listening	singer	smile	street	sweet	we	yes
after	amount	dog	her	here	included	lady	media	myself	people	powerful	seeing	singing	source	such	sweet	twitter	unbelievable	video	with
after	came	can	chihuahua	dog	ever	have	her	here	herman	intelligent	jack	listening	lola	loving	malinda	mix	more	most	owned	rescue	russell	say	sensitive	she	singing	terrier	than	too
different	find	first	format	prefer	seen	so	soothing	time	ve	video
able	as	be	beautiful	beauty	bottom	delivered	from	great	heart	how	measure	message	much	never	today	tomorrow	twice	unfortunately	weight	what	will	word	youngsters
advance	been	chorus	com	for	goes	hard	https	like	months	off	or	remember	s160cdsw59ye	same	similar	so	something	starts	thanks	there	trying	ve	vocaroo	way	with
boyfriend	can	for	future	him	if	me	more	say	sing	tell	than	would
as	could	hear	man	over	sing	special	way	young
after	came	did	girl	girlfriend	happened	he	her	his	marry	new	real	scruffy	then	unattractive	what	with	wonder	zealand
all	am	another	around	bulls	dance	days	epileptic	feels	guy	just	look	lot	music	noise	seized	those	today	was	way	were	when	who
are	at	cars	clear	drive	good	late	night	relaxed	streets	tune	vibe	when	with
be	california	car	desert	driving	golden	imagine	listening	moment	roadway	sunset	through	warm	with	would
are	but	dear	film	like	permission	re	really	short	sir	too	use	want
but	by	forget	gives	leo	life	many	memorable	never	not	one	singer	singing	will
always	as	beautiful	boot	good	have	his	looking	music	talented	very	voice	well
80s	any	are	broadcast	classics	early	era	get	huge	many	more	other	pop	radio	songs	still	streaming	than	them
70	80	about	art	care	day	generation	good	if	musics	part	signers	they	true	were	wish
before	bit	breath	came	every	from	gather	like	more	out	sounds	take	than	what
am	another	cry	do	guy	just	make	me	mean
else	gift	giving	goes	how	keeps	know	on	someone	they	will
can	dance	dancing	friends	if	keep	mind	on	physically	so	your
another	elvis	guy	he	just	no	original	singer	thought	was
annoying	are	assume	by	certainly	dancing	does	feel	he	himself	judging	leo	like	listeners	make	me	not	sayer	video	viewers	with
crazy	eye	fell	full	insane	just	like	loud	singing	so	sometime	sorrow	tears	unsaid	with
action	afro	apparent	background	be	bizarre	bob	down	entire	for	have	hot	how	no	on	painting	reason	ross	seriously	some	throughout	video	would
40	an	brought	c9	daddy	dated	film	haven	here	home	instrumental	just	me	myself	only	sweet	thought	vintage	was	yeah	years
80	adult	arranging	away	by	can	complete	couple	dozen	from	golden	later	made	me	melody	message	oldies	one	only	or	orchestration	other	outstanding	pull	simple	songs	standards
as	be	countrify	course	day	may	never	nice	one	they	version	will
at	beautiful	could	dislike	don	hits	home	how	right	someone	such	understand
beautiful	better	devices	digital	excellent	far	lyrics	modern	more	music	on	produce	real	rely	singers	singing	than	versions	voice	was	which
arts	class	family	fan	for	future	good	happiness	health	legenda	life	light	luck	much	music	musical	nice	prof	real	rock	sing	soft	thank	time	too	very	with	young
accepting	age	are	big	come	currently	dates	dudes	every	girl	guy	ha	hair	if	im	international	mean	no	not	on	pink	pretty	range	sing	suit	them	want	with	would
as	cutting	doing	gifts	giving	he	like	making	out	pictures	them
absolutely	all	favorites	hearing	never	one	time	tire	will
but	cup	extremely	he	heart	his	isn	like	one	really	some	songs	tea
1980	about	all	around	as	boyfriends	brother	doormat	favorites	gonna	good	has	he	him	let	like	look	me	one	really	safe	sort	tell	though	use	was
as	at	but	care	clown	for	funny	guy	he	hospitals	kids	least	leo	most	nice	nonetheless	not	others	out	people	really	sick	singing	started	thinks	would
as	but	don	going	got	he	him	know	on	opening	or	painter	richard	seeing	simmons	softly	speaks	suggest	thing	video	well	who	would
afraid	beautiful	feel	him	how	really	sad	someone	such	tell	when	your
age	am	comes	dear	friend	glad	important	like	music	not	think	time	when
